label	stat	win_start	n_snps	r_value	vcft_value	diff
AM2 LinJ.36 diploid	pi	1	142	5.72867432746465e-06	5.36673e-06	3.6194432746465e-07
AM2 LinJ.36 diploid	pi	50001	90	3.10096153846154e-07	3.07692e-07	2.40415384615383e-09
AM2 LinJ.36 diploid	pi	100001	130	4.81730769230769e-06	4.77996e-06	3.73476923076926e-08
AM2 LinJ.36 diploid	pi	150001	241	1.54086538461538e-06	1.52892e-06	1.19453846153846e-08
AM2 LinJ.36 diploid	pi	200001	199	2.47980769230769e-05	2.46058e-05	1.92276923076922e-07
AM2 LinJ.36 diploid	pi	250001	164	7.98079088704089e-06	3.36553e-06	4.61526088704089e-06
AM2 LinJ.36 diploid	pi	300001	202	9.84165509669542e-06	9.44782e-06	3.9383509669542e-07
AM2 LinJ.36 diploid	pi	350001	114	6.25076312576313e-07	3.07692e-07	3.17384312576313e-07
AM2 LinJ.36 diploid	pi	400001	109	9.30288461538462e-07	9.23077e-07	7.21146153846157e-09
AM2 LinJ.36 diploid	pi	450001	108	1.06971153846154e-05	1.06142e-05	8.29153846153842e-08
AM2 LinJ.36 diploid	pi	500001	131	1.18197115384615e-05	1.17281e-05	9.16115384615358e-08
AM2 LinJ.36 diploid	pi	550001	260	2.80086602465635e-06	2.14908e-06	6.51786024656347e-07
AM2 LinJ.36 diploid	pi	600001	183	2.14694355823388e-06	1.81276e-06	3.34183558233881e-07
AM2 LinJ.36 diploid	pi	650001	108	1.23557692307692e-06	1.226e-06	9.57692307692321e-09
AM2 LinJ.36 diploid	pi	700001	95	2.16105769230769e-06	2.14431e-06	1.67476923076927e-08
AM2 LinJ.36 diploid	pi	750001	106	1.23076923076923e-06	1.22123e-06	9.53923076923073e-09
AM2 LinJ.36 diploid	pi	800001	101	3.10096153846154e-07	3.07692e-07	2.40415384615383e-09
AM2 LinJ.36 diploid	pi	850001	86	6.15384615384615e-07	6.10614e-07	4.77061538461539e-09
AM2 LinJ.36 diploid	pi	900001	99	8.63221153846154e-06	8.5653e-06	6.69115384615375e-08
AM2 LinJ.36 diploid	pi	950001	71	4.09615384615385e-06	4.0644e-06	3.17538461538465e-08
AM2 LinJ.36 diploid	pi	1000001	87	9.25480769230769e-07	9.18306e-07	7.17476923076922e-09
AM2 LinJ.36 diploid	pi	1050001	93	6.15384615384615e-07	6.10614e-07	4.77061538461539e-09
AM2 LinJ.36 diploid	pi	1100001	132	1.24038461538462e-06	1.23077e-06	9.61461538461548e-09
AM2 LinJ.36 diploid	pi	1150001	106	2.44711538461538e-06	2.42815e-06	1.89653846153846e-08
AM2 LinJ.36 diploid	pi	1200001	74	9.25480769230769e-07	9.18306e-07	7.17476923076922e-09
AM2 LinJ.36 diploid	pi	1250001	101	1.23557692307692e-06	1.226e-06	9.57692307692321e-09
AM2 LinJ.36 diploid	pi	1300001	101	1.16778846153846e-05	1.15874e-05	9.04846153846148e-08
AM2 LinJ.36 diploid	pi	1350001	94	3.96394230769231e-06	3.93321e-06	3.07323076923079e-08
AM2 LinJ.36 diploid	pi	1400001	87	1.50192307692308e-05	1.49028e-05	1.16430769230769e-07
AM2 LinJ.36 diploid	pi	1450001	109	1.165625e-05	1.15659e-05	9.03499999999982e-08
AM2 LinJ.36 diploid	pi	1500001	99	9.25480769230769e-07	9.18306e-07	7.17476923076922e-09
AM2 LinJ.36 diploid	pi	1550001	104	2.14182692307692e-06	2.12522e-06	1.66069230769231e-08
AM2 LinJ.36 diploid	pi	1600001	120	2.40865384615385e-06	2.38998e-06	1.86738461538459e-08
AM2 LinJ.36 diploid	pi	1700001	75	1.23557692307692e-06	1.226e-06	9.57692307692321e-09
AM2 LinJ.36 diploid	pi	1750001	104	3.36778846153846e-06	3.34168e-06	2.6108461538462e-08
AM2 LinJ.36 diploid	pi	1800001	144	3.10096153846154e-07	3.07692e-07	2.40415384615383e-09
AM2 LinJ.36 diploid	pi	1850001	113	6.20192307692308e-07	6.15385e-07	4.80730769230774e-09
AM2 LinJ.36 diploid	pi	1900001	136	1.23557692307692e-06	1.226e-06	9.57692307692321e-09
AM2 LinJ.36 diploid	pi	1950001	133	1.85096153846154e-06	1.83661e-06	1.43515384615374e-08
AM2 LinJ.36 diploid	pi	2000001	114	1.11760986549293e-05	1.04544e-05	7.21698654929302e-07
AM2 LinJ.36 diploid	pi	2050001	111	1.82692307692308e-06	1.81276e-06	1.41630769230771e-08
AM2 LinJ.36 diploid	pi	2100001	115	1.42644230769231e-05	1.41538e-05	1.10623076923077e-07
AM2 LinJ.36 diploid	pi	2150001	175	2.15625e-06	2.13953e-06	1.67200000000003e-08
AM2 LinJ.36 diploid	pi	2200001	133	3.6875e-06	3.65891e-06	2.85899999999981e-08
AM2 LinJ.36 diploid	pi	2250001	166	9.15865384615385e-07	9.08766e-07	7.09938461538457e-09
AM2 LinJ.36 diploid	pi	2300001	211	1.85096153846154e-06	1.83661e-06	1.43515384615385e-08
AM2 LinJ.36 diploid	pi	2350001	103	2.13701923076923e-06	2.12045e-06	1.65692307692287e-08
AM2 LinJ.36 diploid	pi	2400001	129	4.00721153846154e-06	3.97615e-06	3.1061538461536e-08
AM2 LinJ.36 diploid	pi	2450001	61	1.23076923076923e-06	1.22123e-06	9.53923076923073e-09
AM2 LinJ.36 diploid	pi	2550001	187	8.93456013099314e-06	3.64937e-06	5.28519013099314e-06
AM2 LinJ.36 diploid	pi	2600001	131	1.25600961538462e-05	1.18426e-05	7.17496153846154e-07
AM2 LinJ.36 diploid	pi	2650001	118	1.57283653846154e-05	1.56064e-05	1.21965384615385e-07
AM2 LinJ.36 diploid	pi	2700001	114	6.30528846153846e-06	6.25641e-06	4.88784615384624e-08
AM9 LinJ.36 diploid	pi	1	142	7.07894736842105e-06	6.89744e-06	1.81507368421052e-07
AM9 LinJ.36 diploid	pi	50001	90	3.02631578947368e-06	2.94872e-06	7.75957894736839e-08
AM9 LinJ.36 diploid	pi	100001	130	8.1578947368421e-06	7.94872e-06	2.09174736842104e-07
AM9 LinJ.36 diploid	pi	150001	241	7.18713450292398e-06	5.94872e-06	1.23841450292398e-06
AM9 LinJ.36 diploid	pi	200001	199	3.93684210526316e-05	3.8359e-05	1.00942105263157e-06
AM9 LinJ.36 diploid	pi	250001	164	1.97631578947368e-05	6.94872e-06	1.28144378947368e-05
AM9 LinJ.36 diploid	pi	300001	202	2.05263157894737e-06	2e-06	5.26315789473684e-08
AM9 LinJ.36 diploid	pi	350001	114	6.1578947368421e-06	6e-06	1.57894736842104e-07
AM9 LinJ.36 diploid	pi	400001	109	8.1578947368421e-06	7.94872e-06	2.09174736842104e-07
AM9 LinJ.36 diploid	pi	450001	108	3.07894736842105e-06	3e-06	7.89473684210521e-08
AM9 LinJ.36 diploid	pi	500001	131	1.02134502923977e-05	8.89744e-06	1.31601029239766e-06
AM9 LinJ.36 diploid	pi	550001	260	1.23421052631579e-05	1.20256e-05	3.16505263157892e-07
AM9 LinJ.36 diploid	pi	600001	183	7.13157894736842e-06	6.94872e-06	1.82858947368421e-07
AM9 LinJ.36 diploid	pi	650001	108	2.05263157894737e-06	2e-06	5.26315789473684e-08
AM9 LinJ.36 diploid	pi	700001	95	9.18421052631579e-06	8.94872e-06	2.35490526315789e-07
AM9 LinJ.36 diploid	pi	750001	106	4.05263157894737e-06	3.94872e-06	1.03911578947368e-07
AM9 LinJ.36 diploid	pi	800001	101	4.10526315789474e-06	4e-06	1.05263157894737e-07
AM9 LinJ.36 diploid	pi	850001	86	7.68495758627338e-06	2e-06	5.68495758627338e-06
AM9 LinJ.36 diploid	pi	900001	99	9.47368421052632e-06	9.23077e-06	2.42914210526316e-07
AM9 LinJ.36 diploid	pi	950001	71	3.43358395989975e-06	2e-06	1.43358395989975e-06
AM9 LinJ.36 diploid	pi	1000001	87	5.74561403508772e-06	3e-06	2.74561403508772e-06
AM9 LinJ.36 diploid	pi	1050001	93	2.05263157894737e-06	2e-06	5.26315789473684e-08
AM9 LinJ.36 diploid	pi	1100001	132	1.27105263157895e-05	1.23846e-05	3.25926315789474e-07
AM9 LinJ.36 diploid	pi	1150001	106	1.08421052631579e-05	1.05641e-05	2.78005263157894e-07
AM9 LinJ.36 diploid	pi	1200001	74	6.15587044534413e-06	3e-06	3.15587044534413e-06
AM9 LinJ.36 diploid	pi	1250001	101	2.05263157894737e-06	2e-06	5.26315789473684e-08
AM9 LinJ.36 diploid	pi	1300001	101	8.97368421052632e-06	8.74359e-06	2.30094210526315e-07
AM9 LinJ.36 diploid	pi	1400001	87	7.85167464114833e-06	3e-06	4.85167464114833e-06
AM9 LinJ.36 diploid	pi	1450001	109	2.05263157894737e-06	2e-06	5.26315789473684e-08
AM9 LinJ.36 diploid	pi	1500001	99	8.27485380116959e-06	5.89744e-06	2.37741380116959e-06
AM9 LinJ.36 diploid	pi	1550001	104	4.10526315789474e-06	4e-06	1.05263157894737e-07
AM9 LinJ.36 diploid	pi	1600001	120	2.05263157894737e-06	2e-06	5.26315789473684e-08
AM9 LinJ.36 diploid	pi	1650001	126	5.19642242862057e-06	3.94872e-06	1.24770242862057e-06
AM9 LinJ.36 diploid	pi	1700001	75	2.45789473684211e-05	2.39487e-05	6.30247368421051e-07
AM9 LinJ.36 diploid	pi	1750001	104	6.1578947368421e-06	6e-06	1.57894736842104e-07
AM9 LinJ.36 diploid	pi	1800001	144	1.2e-05	1.16923e-05	3.077e-07
AM9 LinJ.36 diploid	pi	1850001	113	8.1578947368421e-06	7.94872e-06	2.09174736842104e-07
AM9 LinJ.36 diploid	pi	1900001	136	8.71052631578947e-06	8.48718e-06	2.23346315789474e-07
AM9 LinJ.36 diploid	pi	1950001	133	3.07894736842105e-06	3e-06	7.89473684210521e-08
AM9 LinJ.36 diploid	pi	2000001	114	1.47105263157895e-05	1.43333e-05	3.77226315789473e-07
AM9 LinJ.36 diploid	pi	2100001	115	8.84502923976608e-06	7.5641e-06	1.28092923976608e-06
AM9 LinJ.36 diploid	pi	2150001	175	8.1578947368421e-06	7.94872e-06	2.09174736842104e-07
AM9 LinJ.36 diploid	pi	2200001	133	3.07894736842105e-06	3e-06	7.89473684210521e-08
AM9 LinJ.36 diploid	pi	2250001	166	4.22273821809426e-06	3e-06	1.22273821809425e-06
AM9 LinJ.36 diploid	pi	2300001	211	7.02631578947368e-06	6.84615e-06	1.80165789473684e-07
AM9 LinJ.36 diploid	pi	2350001	103	4.05263157894737e-06	3.94872e-06	1.03911578947368e-07
AM9 LinJ.36 diploid	pi	2400001	129	4.5765350877193e-05	4.33333e-05	2.43205087719297e-06
AM9 LinJ.36 diploid	pi	2450001	61	5.13157894736842e-06	5e-06	1.3157894736842e-07
AM9 LinJ.36 diploid	pi	2500001	101	1.12894736842105e-05	1.1e-05	2.89473684210527e-07
AM9 LinJ.36 diploid	pi	2550001	187	3e-05	2.92308e-05	7.69199999999999e-07
AM9 LinJ.36 diploid	pi	2600001	131	3.06439496176338e-05	2.33077e-05	7.33624961763383e-06
AM9 LinJ.36 diploid	pi	2650001	118	2.81842105263158e-05	2.74615e-05	7.22710526315787e-07
AM9 LinJ.36 diploid	pi	2700001	114	6.05263157894737e-06	5.89744e-06	1.55191578947368e-07
AM2 LinJ.36 diploid	tajima_d	1	142	-1.75568735823217	-1.63252	-0.123167358232167
AM2 LinJ.36 diploid	tajima_d	100001	130	-1.83487842409361	-1.83488	1.57590639182636e-06
AM2 LinJ.36 diploid	tajima_d	150001	241	-1.47674777203286	-1.47675	2.22796714388629e-06
AM2 LinJ.36 diploid	tajima_d	200001	199	-0.814708484129275	-0.814708	-4.84129275446499e-07
AM2 LinJ.36 diploid	tajima_d	250001	164	-1.8302775354197	-1.95875	0.128472464580298
AM2 LinJ.36 diploid	tajima_d	300001	202	-1.2022394707053	-0.992143	-0.210096470705299
AM2 LinJ.36 diploid	tajima_d	350001	114	-1.34189688714302	-0.998718	-0.343178887143016
AM2 LinJ.36 diploid	tajima_d	400001	109	-1.57093764971444	-1.57094	2.35028555817252e-06
AM2 LinJ.36 diploid	tajima_d	450001	108	-0.527931082509485	-0.527931	-8.25094849110641e-08
AM2 LinJ.36 diploid	tajima_d	500001	131	-0.384125325050228	-0.384125	-3.25050227678592e-07
AM2 LinJ.36 diploid	tajima_d	550001	260	-2.11392283315595	-1.94728	-0.166642833155945
AM2 LinJ.36 diploid	tajima_d	600001	183	-1.38326423014191	-1.10416	-0.279104230141908
AM2 LinJ.36 diploid	tajima_d	650001	108	-1.52384271087365	-1.52384	-2.71087364889233e-06
AM2 LinJ.36 diploid	tajima_d	700001	95	-1.80344392897583	-1.80344	-3.92897583312291e-06
AM2 LinJ.36 diploid	tajima_d	750001	106	-1.22208341642634	-1.22208	-3.41642634138495e-06
AM2 LinJ.36 diploid	tajima_d	900001	99	-1.09017704255512	-1.09018	2.95744488298944e-06
AM2 LinJ.36 diploid	tajima_d	950001	71	-0.655311539819802	-0.655312	4.60180197725535e-07
AM2 LinJ.36 diploid	tajima_d	1000001	87	-1.28246934623258	-1.28247	6.53767424863005e-07
AM2 LinJ.36 diploid	tajima_d	1100001	132	-1.73934831986435	-1.73935	1.68013565438052e-06
AM2 LinJ.36 diploid	tajima_d	1150001	106	-1.58476482897666	-1.58476	-4.82897666387316e-06
AM2 LinJ.36 diploid	tajima_d	1200001	74	-1.28246934623258	-1.28247	6.53767424863005e-07
AM2 LinJ.36 diploid	tajima_d	1250001	101	-1.52384271087365	-1.52384	-2.71087364889233e-06
AM2 LinJ.36 diploid	tajima_d	1300001	101	-0.402293504258142	-0.402294	4.95741857620136e-07
AM2 LinJ.36 diploid	tajima_d	1350001	94	-1.60472544278878	-1.60473	4.55721121639385e-06
AM2 LinJ.36 diploid	tajima_d	1400001	87	0.602475236473652	0.602475	2.3647365210433e-07
AM2 LinJ.36 diploid	tajima_d	1450001	109	-0.405064921425451	-0.405065	7.85745487008604e-08
AM2 LinJ.36 diploid	tajima_d	1500001	99	-1.28246934623258	-1.28247	6.53767424863005e-07
AM2 LinJ.36 diploid	tajima_d	1550001	104	-1.6238726045598	-1.62387	-2.6045598024993e-06
AM2 LinJ.36 diploid	tajima_d	1600001	120	-1.34287948131218	-1.34288	5.18687823358732e-07
AM2 LinJ.36 diploid	tajima_d	1700001	75	-1.52384271087365	-1.52384	-2.71087364889233e-06
AM2 LinJ.36 diploid	tajima_d	1750001	104	-1.6704350222213	-1.67044	4.97777869878924e-06
AM2 LinJ.36 diploid	tajima_d	1850001	113	-1.34285527603881	-1.34286	4.723961191333e-06
AM2 LinJ.36 diploid	tajima_d	1900001	136	-1.52384271087365	-1.52384	-2.71087364889233e-06
AM2 LinJ.36 diploid	tajima_d	1950001	133	-1.66113276869807	-1.66113	-2.76869806858926e-06
AM2 LinJ.36 diploid	tajima_d	2000001	114	-2.00080250267927	-1.86628	-0.134522502679267
AM2 LinJ.36 diploid	tajima_d	2050001	111	-1.1041644353874	-1.10416	-4.43538739691718e-06
AM2 LinJ.36 diploid	tajima_d	2100001	115	-0.0709551851443064	-0.0709552	1.48556935503086e-08
AM2 LinJ.36 diploid	tajima_d	2150001	175	-1.62202499311493	-1.62202	-4.99311492951904e-06
AM2 LinJ.36 diploid	tajima_d	2200001	133	-1.79958534273943	-1.79959	4.6572605714168e-06
AM2 LinJ.36 diploid	tajima_d	2300001	211	-1.66113276869807	-1.66113	-2.76869806836721e-06
AM2 LinJ.36 diploid	tajima_d	2350001	103	-1.38478285209178	-1.38478	-2.85209178030321e-06
AM2 LinJ.36 diploid	tajima_d	2400001	129	-2.01888698696607	-2.01889	3.01303393079877e-06
AM2 LinJ.36 diploid	tajima_d	2450001	61	-1.22208341642634	-1.22208	-3.41642634138495e-06
AM2 LinJ.36 diploid	tajima_d	2550001	187	-1.87020168364194	-1.80052	-0.0696816836419407
AM2 LinJ.36 diploid	tajima_d	2600001	131	-1.74126821861722	-1.67034	-0.0709282186172182
AM2 LinJ.36 diploid	tajima_d	2650001	118	-0.886704424992148	-0.886704	-4.24992147585179e-07
AM2 LinJ.36 diploid	tajima_d	2700001	114	-1.09052876747322	-1.09053	1.23252678085883e-06
AM9 LinJ.36 diploid	tajima_d	1	142	-1.798066081165	-1.79807	3.91883499895052e-06
AM9 LinJ.36 diploid	tajima_d	50001	90	-1.2961278637257	-1.29613	2.13627429568319e-06
AM9 LinJ.36 diploid	tajima_d	100001	130	-2.10023096198314	-2.10023	-9.61983141589684e-07
AM9 LinJ.36 diploid	tajima_d	150001	241	-2.00624754930837	-1.90075	-0.105497549308367
AM9 LinJ.36 diploid	tajima_d	200001	199	0.0563581585798594	0.0563582	-4.14201406229164e-08
AM9 LinJ.36 diploid	tajima_d	250001	164	-1.39340583020924	-2.01123	0.617824169790759
AM9 LinJ.36 diploid	tajima_d	300001	202	-1.48661900459083	-1.48662	9.95409174864292e-07
AM9 LinJ.36 diploid	tajima_d	350001	114	-2.10096300044147	-2.10096	-3.00044147261147e-06
AM9 LinJ.36 diploid	tajima_d	400001	109	-2.10023096198314	-2.10023	-9.61983141589684e-07
AM9 LinJ.36 diploid	tajima_d	450001	108	-1.71620927922594	-1.71621	7.20774060436469e-07
AM9 LinJ.36 diploid	tajima_d	500001	131	-2.09772427693987	-2.02042	-0.0773042769398713
AM9 LinJ.36 diploid	tajima_d	550001	260	-0.321463587569721	-0.321464	4.12430278762255e-07
AM9 LinJ.36 diploid	tajima_d	600001	183	-2.01122585469137	-2.01123	4.14530862657969e-06
AM9 LinJ.36 diploid	tajima_d	650001	108	-1.48661900459083	-1.48662	9.95409174864292e-07
AM9 LinJ.36 diploid	tajima_d	700001	95	-2.17365079668504	-2.17365	-7.9668504504582e-07
AM9 LinJ.36 diploid	tajima_d	750001	106	-1.56960248777344	-1.5696	-2.48777343947459e-06
AM9 LinJ.36 diploid	tajima_d	800001	101	-1.87967107680403	-1.87967	-1.07680402972044e-06
AM9 LinJ.36 diploid	tajima_d	850001	86	-1.74043464221882	-1.48662	-0.253814642218823
AM9 LinJ.36 diploid	tajima_d	900001	99	-1.54551416870298	-1.54551	-4.16870298214356e-06
AM9 LinJ.36 diploid	tajima_d	950001	71	-1.66469878493182	-1.48662	-0.178078784931818
AM9 LinJ.36 diploid	tajima_d	1000001	87	-1.67978103304269	-1.71621	0.0364289669573066
AM9 LinJ.36 diploid	tajima_d	1050001	93	-1.48661900459083	-1.48662	9.95409174864292e-07
AM9 LinJ.36 diploid	tajima_d	1100001	132	-0.265990747560667	-0.265991	2.52439333381371e-07
AM9 LinJ.36 diploid	tajima_d	1150001	106	-1.40119879015326	-1.4012	1.2098467432331e-06
AM9 LinJ.36 diploid	tajima_d	1200001	74	-1.63165478331509	-1.71621	0.0845552166849097
AM9 LinJ.36 diploid	tajima_d	1250001	101	-1.48661900459083	-1.48662	9.95409174864292e-07
AM9 LinJ.36 diploid	tajima_d	1300001	101	-1.59824478778846	-1.59824	-4.78778845836025e-06
AM9 LinJ.36 diploid	tajima_d	1400001	87	-1.42711139029391	-1.71621	0.289098609706085
AM9 LinJ.36 diploid	tajima_d	1450001	109	-1.48661900459083	-1.48662	9.95409174864292e-07
AM9 LinJ.36 diploid	tajima_d	1500001	99	-1.67264914504441	-1.63882	-0.0338291450444068
AM9 LinJ.36 diploid	tajima_d	1550001	104	-1.87967107680403	-1.87967	-1.07680402972044e-06
AM9 LinJ.36 diploid	tajima_d	1600001	120	-1.48661900459083	-1.48662	9.95409174864292e-07
AM9 LinJ.36 diploid	tajima_d	1650001	126	-1.74513905408912	-1.5696	-0.175539054089119
AM9 LinJ.36 diploid	tajima_d	1700001	75	0.0475055868266766	0.0475056	-1.31733234459697e-08
AM9 LinJ.36 diploid	tajima_d	1750001	104	-2.10096300044147	-2.10096	-3.00044147261147e-06
AM9 LinJ.36 diploid	tajima_d	1800001	144	-1.78529417611888	-1.78529	-4.17611888314795e-06
AM9 LinJ.36 diploid	tajima_d	1850001	113	-2.10023096198314	-2.10023	-9.61983141589684e-07
AM9 LinJ.36 diploid	tajima_d	1900001	136	-1.62599774520187	-1.626	2.25479813265039e-06
AM9 LinJ.36 diploid	tajima_d	1950001	133	-1.71620927922594	-1.71621	7.20774060436469e-07
AM9 LinJ.36 diploid	tajima_d	2000001	114	-0.567983855333656	-0.567984	1.44666344348288e-07
AM9 LinJ.36 diploid	tajima_d	2100001	115	-0.848247023144423	-0.369414	-0.478833023144423
AM9 LinJ.36 diploid	tajima_d	2150001	175	-2.10023096198314	-2.10023	-9.61983141589684e-07
AM9 LinJ.36 diploid	tajima_d	2200001	133	-1.71620927922594	-1.71621	7.20774060436469e-07
AM9 LinJ.36 diploid	tajima_d	2250001	166	-1.86556691313231	-1.71621	-0.149356913132305
AM9 LinJ.36 diploid	tajima_d	2300001	211	-1.80361667264768	-1.80362	3.32735231722836e-06
AM9 LinJ.36 diploid	tajima_d	2350001	103	-1.56960248777344	-1.5696	-2.48777343947459e-06
AM9 LinJ.36 diploid	tajima_d	2400001	129	-0.418792136934007	-0.233821	-0.184971136934007
AM9 LinJ.36 diploid	tajima_d	2450001	61	-2.00343796602423	-2.00344	2.03397577447362e-06
AM9 LinJ.36 diploid	tajima_d	2500001	101	-0.479957416167018	-0.479957	-4.16167018235658e-07
AM9 LinJ.36 diploid	tajima_d	2550001	187	-1.31950716536182	-1.31951	2.83463818240293e-06
AM9 LinJ.36 diploid	tajima_d	2600001	131	-0.263992826723105	-0.0218768	-0.242116026723105
AM9 LinJ.36 diploid	tajima_d	2650001	118	-1.24056572147534	-1.24057	4.27852465922918e-06
AM9 LinJ.36 diploid	tajima_d	2700001	114	-1.63881535871766	-1.63882	4.64128234156647e-06
AM2-AM9 LinJ.36 diploid	fst	1	142	0	0.0192932	-0.0192932
AM2-AM9 LinJ.36 diploid	fst	100001	130	0	0.014693	-0.014693
AM2-AM9 LinJ.36 diploid	fst	200001	199	0.0672723769940072	0.100279	-0.0330066230059928
AM2-AM9 LinJ.36 diploid	fst	250001	164	0.00949135112534131	0.0169568	-0.00746544887465869
AM2-AM9 LinJ.36 diploid	fst	400001	109	0	0.0254637	-0.0254637
AM2-AM9 LinJ.36 diploid	fst	500001	131	0.0173192312378168	0.0484374	-0.0311181687621832
AM2-AM9 LinJ.36 diploid	fst	550001	260	0.0254306886659743	0.0973445	-0.0719138113340257
AM2-AM9 LinJ.36 diploid	fst	700001	95	0	0.0226261	-0.0226261
AM2-AM9 LinJ.36 diploid	fst	1750001	104	0	0.0143957	-0.0143957
AM2-AM9 LinJ.36 diploid	fst	2000001	114	0.0163194640100142	0.0159322	0.000387264010014161
AM2-AM9 LinJ.36 diploid	fst	2150001	175	0	0.0204541	-0.0204541
AM2-AM9 LinJ.36 diploid	fst	2400001	129	0.0590481049227929	0.139113	-0.0800648950772071
AM2-AM9 LinJ.36 diploid	fst	2550001	187	0.0123201517689117	0.0757424	-0.0634222482310883
AM2-AM9 LinJ.36 diploid	fst	2600001	131	0.0587090842136726	0.103542	-0.0448329157863274
AM2-AM9 LinJ.36 diploid	fst	2650001	118	0.0545197186128829	0.103385	-0.0488652813871171
AM2 LinJ.31 pseudodiploid	pi	1	534	0.000116484386353815	7.49233e-05	4.15610863538155e-05
AM2 LinJ.31 pseudodiploid	pi	50001	548	5.04970848882378e-06	3.56244e-06	1.48726848882378e-06
AM2 LinJ.31 pseudodiploid	pi	100001	556	2.22514327423003e-05	1.93101e-05	2.94133274230031e-06
AM2 LinJ.31 pseudodiploid	pi	150001	567	7.77981138788252e-07	7.50225e-07	2.77561387882524e-08
AM2 LinJ.31 pseudodiploid	pi	200001	490	1.26525174196975e-05	1.21747e-05	4.77817419697536e-07
AM2 LinJ.31 pseudodiploid	pi	250001	452	3.97790424069057e-06	2.78776e-06	1.19014424069057e-06
AM2 LinJ.31 pseudodiploid	pi	300001	523	7.02921368929952e-06	5.0699e-06	1.95931368929952e-06
AM2 LinJ.31 pseudodiploid	pi	350001	258	1.77277993044902e-05	1.35979e-06	1.63680093044902e-05
AM2 LinJ.31 pseudodiploid	pi	400001	433	3.18248921269834e-05	2.8175e-05	3.64989212698338e-06
AM2 LinJ.31 pseudodiploid	pi	450001	362	1.30277536989434e-05	1.23624e-05	6.65353698943411e-07
AM2 LinJ.31 pseudodiploid	pi	500001	391	1.87892984914611e-05	1.53924e-05	3.39689849146109e-06
AM2 LinJ.31 pseudodiploid	pi	550001	379	8.63264308217069e-06	5.68744e-06	2.94520308217068e-06
AM2 LinJ.31 pseudodiploid	pi	600001	458	2.1997978922322e-06	1.58602e-06	6.13777892232198e-07
AM2 LinJ.31 pseudodiploid	pi	650001	135	3.78796381843414e-06	2.51565e-06	1.27231381843415e-06
AM2 LinJ.31 pseudodiploid	pi	700001	343	1.14921703981684e-05	1.02376e-05	1.25457039816845e-06
AM2 LinJ.31 pseudodiploid	pi	750001	402	8.99417288699392e-07	2.85724e-07	6.13693288699392e-07
AM2 LinJ.31 pseudodiploid	pi	800001	388	5.3409694942858e-06	1.13461e-06	4.2063594942858e-06
AM2 LinJ.31 pseudodiploid	pi	850001	407	1.63617812573984e-05	1.36352e-05	2.72658125739843e-06
AM2 LinJ.31 pseudodiploid	pi	900001	411	1.57872976206122e-05	7.78411e-06	8.0031876206122e-06
AM2 LinJ.31 pseudodiploid	pi	950001	332	3.5903222138378e-06	1.7655e-06	1.8248222138378e-06
AM2 LinJ.31 pseudodiploid	pi	1000001	535	2.40483968148457e-05	2.15771e-05	2.47129681484567e-06
AM2 LinJ.31 pseudodiploid	pi	1050001	468	4.14109748164833e-06	3.79573e-06	3.45367481648334e-07
AM2 LinJ.31 pseudodiploid	pi	1100001	557	1.24675620500786e-05	1.05549e-05	1.91266205007865e-06
AM2 LinJ.31 pseudodiploid	pi	1150001	400	1.92644302328557e-05	1.44187e-05	4.84573023285573e-06
AM2 LinJ.31 pseudodiploid	pi	1200001	524	1.84492889727831e-05	1.17969e-05	6.65238897278309e-06
AM2 LinJ.31 pseudodiploid	pi	1250001	583	7.00376183375837e-06	3.70323e-06	3.30053183375837e-06
AM2 LinJ.31 pseudodiploid	pi	1300001	435	2.64029708776693e-05	2.26511e-05	3.75187087766926e-06
AM2 LinJ.31 pseudodiploid	pi	1350001	417	1.28038104475671e-05	1.10886e-05	1.71521044756707e-06
AM2 LinJ.31 pseudodiploid	pi	1400001	432	1.12751472050635e-05	9.99294e-06	1.28220720506352e-06
AM2 LinJ.31 pseudodiploid	pi	1450001	413	3.76928605930463e-06	1.98462e-06	1.78466605930463e-06
AM2 LinJ.31 pseudodiploid	pi	1500001	194	6.85683551560136e-06	6.44139e-06	4.15445515601365e-07
AM9 LinJ.31 pseudodiploid	pi	1	534	0.000139548673119664	0.000102041	3.75076731196638e-05
AM9 LinJ.31 pseudodiploid	pi	50001	548	2.67264140715443e-05	1.74122e-05	9.31421407154428e-06
AM9 LinJ.31 pseudodiploid	pi	100001	556	1.91770586550899e-05	1.32347e-05	5.94235865508992e-06
AM9 LinJ.31 pseudodiploid	pi	150001	567	1.49766492957429e-05	9.05767e-06	5.91897929574292e-06
AM9 LinJ.31 pseudodiploid	pi	200001	490	3.27564102564103e-06	3.23418e-06	4.1461025641026e-08
AM9 LinJ.31 pseudodiploid	pi	250001	452	9.35989724293614e-06	7.00655e-06	2.35334724293614e-06
AM9 LinJ.31 pseudodiploid	pi	300001	523	1.02783936367696e-05	3.80395e-06	6.47444363676959e-06
AM9 LinJ.31 pseudodiploid	pi	350001	258	9.5474358974359e-06	8.39258e-06	1.1548558974359e-06
AM9 LinJ.31 pseudodiploid	pi	400001	433	2.01797411045022e-05	1.52162e-05	4.96354110450218e-06
AM9 LinJ.31 pseudodiploid	pi	450001	362	5.92616191904048e-06	2.09502e-06	3.83114191904048e-06
AM9 LinJ.31 pseudodiploid	pi	500001	391	2.83793527982074e-05	1.24069e-05	1.59724527982074e-05
AM9 LinJ.31 pseudodiploid	pi	550001	379	4.59706032842953e-05	2.36615e-05	2.23091032842953e-05
AM9 LinJ.31 pseudodiploid	pi	600001	458	9.58114035087719e-06	2.18998e-06	7.39116035087719e-06
AM9 LinJ.31 pseudodiploid	pi	650001	135	1.42073732718894e-05	8.42433e-06	5.7830432718894e-06
AM9 LinJ.31 pseudodiploid	pi	700001	343	2.92828616611124e-05	1.87109e-05	1.05719616611124e-05
AM9 LinJ.31 pseudodiploid	pi	750001	402	2.36775409312954e-05	1.3014e-05	1.06635409312954e-05
AM9 LinJ.31 pseudodiploid	pi	800001	388	2.74488632377537e-05	1.48184e-05	1.26304632377537e-05
AM9 LinJ.31 pseudodiploid	pi	850001	407	1.71236684850428e-05	1.30323e-05	4.09136848504283e-06
AM9 LinJ.31 pseudodiploid	pi	900001	411	1.70363783813441e-05	4.38634e-06	1.26500383813441e-05
AM9 LinJ.31 pseudodiploid	pi	950001	332	3.7589904412155e-05	1.6609e-05	2.0980904412155e-05
AM9 LinJ.31 pseudodiploid	pi	1000001	535	1.35072686520055e-05	7.69662e-06	5.81064865200549e-06
AM9 LinJ.31 pseudodiploid	pi	1050001	468	2.05269077327901e-05	9.52606e-06	1.10008477327901e-05
AM9 LinJ.31 pseudodiploid	pi	1100001	557	2.38167388167388e-06	9.8103e-07	1.40064388167388e-06
AM9 LinJ.31 pseudodiploid	pi	1150001	400	3.1573468594044e-05	1.13997e-05	2.0173768594044e-05
AM9 LinJ.31 pseudodiploid	pi	1200001	524	2.0523154465548e-05	1.27097e-05	7.81345446554798e-06
AM9 LinJ.31 pseudodiploid	pi	1250001	583	3.36737767931266e-05	2.24828e-05	1.11909767931266e-05
AM9 LinJ.31 pseudodiploid	pi	1300001	435	1.00351316036562e-05	5.67106e-06	4.36407160365616e-06
AM9 LinJ.31 pseudodiploid	pi	1350001	417	1.89231908239995e-05	8.88082e-06	1.00423708239995e-05
AM9 LinJ.31 pseudodiploid	pi	1400001	432	8.74753072910968e-06	8.13302e-06	6.14510729109676e-07
AM9 LinJ.31 pseudodiploid	pi	1450001	413	8.19004579298697e-06	7.55075e-06	6.3929579298697e-07
AM9 LinJ.31 pseudodiploid	pi	1500001	194	6.26476456213298e-06	4.51277e-06	1.75199456213298e-06
AM2 LinJ.31 pseudodiploid	tajima_d	1	534	0.578839553441932	0.53766	0.0411795534419325
AM2 LinJ.31 pseudodiploid	tajima_d	50001	548	-1.99130933690977	-1.99168	0.000370663090234702
AM2 LinJ.31 pseudodiploid	tajima_d	100001	556	-0.724628213637994	-0.725058	0.000429786362006301
AM2 LinJ.31 pseudodiploid	tajima_d	150001	567	-1.15692087539335	-1.15693	9.12460664870274e-06
AM2 LinJ.31 pseudodiploid	tajima_d	200001	490	-1.10343352265729	-1.1035	6.64773427123677e-05
AM2 LinJ.31 pseudodiploid	tajima_d	250001	452	-1.70012928146901	-1.70085	0.000720718530988096
AM2 LinJ.31 pseudodiploid	tajima_d	300001	523	-1.26142263445073	-1.26226	0.00083736554926972
AM2 LinJ.31 pseudodiploid	tajima_d	350001	258	-0.549573529941477	-0.623823	0.0742494700585226
AM2 LinJ.31 pseudodiploid	tajima_d	400001	433	0.799689165951875	0.798476	0.00121316595187526
AM2 LinJ.31 pseudodiploid	tajima_d	450001	362	-1.36229638318271	-1.36238	8.36168172919649e-05
AM2 LinJ.31 pseudodiploid	tajima_d	500001	391	-1.34318804934508	-1.34412	0.000931950654915692
AM2 LinJ.31 pseudodiploid	tajima_d	550001	379	-2.04098060155295	-2.04156	0.000579398447047907
AM2 LinJ.31 pseudodiploid	tajima_d	600001	458	-1.42804412796381	-1.42834	0.000295872036191858
AM2 LinJ.31 pseudodiploid	tajima_d	650001	135	-0.951550093125702	-0.954987	0.0034369068742981
AM2 LinJ.31 pseudodiploid	tajima_d	700001	343	-1.46871239518267	-1.46899	0.000277604817326305
AM2 LinJ.31 pseudodiploid	tajima_d	750001	402	-1.40282726406075	-1.40349	0.000662735939247039
AM2 LinJ.31 pseudodiploid	tajima_d	800001	388	-1.59497229167547	-1.6109	0.0159277083245317
AM2 LinJ.31 pseudodiploid	tajima_d	850001	407	-1.37868776361391	-1.37933	0.000642236386085404
AM2 LinJ.31 pseudodiploid	tajima_d	900001	411	-0.656356166097274	-0.671735	0.0153788339027257
AM2 LinJ.31 pseudodiploid	tajima_d	950001	332	-1.84331354402479	-1.84393	0.000616455975211538
AM2 LinJ.31 pseudodiploid	tajima_d	1000001	535	-0.174066261551729	-0.174485	0.000418738448271477
AM2 LinJ.31 pseudodiploid	tajima_d	1050001	468	-1.89398382738273	-1.89405	6.61726172712651e-05
AM2 LinJ.31 pseudodiploid	tajima_d	1100001	557	-0.441253101695654	-0.441722	0.000468898304345766
AM2 LinJ.31 pseudodiploid	tajima_d	1150001	400	-1.78880342495459	-1.82697	0.0381665750454101
AM2 LinJ.31 pseudodiploid	tajima_d	1200001	524	-1.36311947567341	-1.36476	0.0016405243265909
AM2 LinJ.31 pseudodiploid	tajima_d	1250001	583	-1.94217322469034	-1.94325	0.00107677530965899
AM2 LinJ.31 pseudodiploid	tajima_d	1300001	435	-0.437771578768279	-0.438507	0.000735421231721045
AM2 LinJ.31 pseudodiploid	tajima_d	1350001	417	-1.24605359701651	-1.24646	0.000406402983485599
AM2 LinJ.31 pseudodiploid	tajima_d	1400001	432	-0.576091653468271	-0.576389	0.00029734653172897
AM2 LinJ.31 pseudodiploid	tajima_d	1450001	413	-1.82887087362938	-1.82964	0.000769126370617323
AM2 LinJ.31 pseudodiploid	tajima_d	1500001	194	-1.27789446260471	-1.27797	7.55373952863181e-05
AM9 LinJ.31 pseudodiploid	tajima_d	1	534	0.901618138544393	0.854203	0.0474151385443932
AM9 LinJ.31 pseudodiploid	tajima_d	50001	548	-0.168551174975718	-0.175437	0.00688582502428195
AM9 LinJ.31 pseudodiploid	tajima_d	100001	556	-1.04406542652872	-1.04819	0.00412457347128159
AM9 LinJ.31 pseudodiploid	tajima_d	150001	567	-1.6817792647895	-1.68802	0.00624073521050228
AM9 LinJ.31 pseudodiploid	tajima_d	250001	452	-1.20203376758777	-1.20405	0.00201623241222748
AM9 LinJ.31 pseudodiploid	tajima_d	300001	523	-0.779270296606486	-0.79083	0.0115597033935141
AM9 LinJ.31 pseudodiploid	tajima_d	350001	258	-0.416792435153959	-0.418456	0.00166356484604124
AM9 LinJ.31 pseudodiploid	tajima_d	400001	433	-1.16997310045363	-1.17318	0.00320689954636566
AM9 LinJ.31 pseudodiploid	tajima_d	450001	362	-0.977709862444995	-0.987541	0.00983113755500542
AM9 LinJ.31 pseudodiploid	tajima_d	500001	391	-1.17108701398297	-1.18482	0.0137329860170288
AM9 LinJ.31 pseudodiploid	tajima_d	550001	379	-0.391752527858557	-0.40611	0.0143574721414431
AM9 LinJ.31 pseudodiploid	tajima_d	600001	458	-0.430459207249125	-0.449916	0.0194567927508748
AM9 LinJ.31 pseudodiploid	tajima_d	650001	135	-0.279408050395001	-0.287055	0.00764694960499879
AM9 LinJ.31 pseudodiploid	tajima_d	700001	343	-0.951877775784836	-0.962073	0.0101952242151642
AM9 LinJ.31 pseudodiploid	tajima_d	750001	402	-1.12117822065949	-1.12917	0.0079917793405142
AM9 LinJ.31 pseudodiploid	tajima_d	800001	388	-1.22142925494211	-1.2335	0.0120707450578872
AM9 LinJ.31 pseudodiploid	tajima_d	850001	407	-0.980027722635931	-0.983347	0.0033192773640689
AM9 LinJ.31 pseudodiploid	tajima_d	900001	411	0.0577587277025807	0.0314851	0.0262736277025807
AM9 LinJ.31 pseudodiploid	tajima_d	950001	332	0.341964260563722	0.311894	0.0300702605637224
AM9 LinJ.31 pseudodiploid	tajima_d	1000001	535	-1.0549542924801	-1.06126	0.00630570751989823
AM9 LinJ.31 pseudodiploid	tajima_d	1050001	468	-0.702051676903015	-0.715722	0.0136703230969851
AM9 LinJ.31 pseudodiploid	tajima_d	1100001	557	-1.14276575900302	-1.14658	0.00381424099698324
AM9 LinJ.31 pseudodiploid	tajima_d	1150001	400	0.126184334681875	0.0308922	0.0952921346818748
AM9 LinJ.31 pseudodiploid	tajima_d	1200001	524	-0.695183768559241	-0.702078	0.00689423144075862
AM9 LinJ.31 pseudodiploid	tajima_d	1250001	583	-0.686377624479873	-0.694448	0.00807037552012657
AM9 LinJ.31 pseudodiploid	tajima_d	1300001	435	-1.13196026861919	-1.13685	0.00488973138080739
AM9 LinJ.31 pseudodiploid	tajima_d	1350001	417	-1.69214079857463	-1.69906	0.00691920142536895
AM9 LinJ.31 pseudodiploid	tajima_d	1400001	432	-0.537947973282339	-0.538812	0.000864026717661281
AM9 LinJ.31 pseudodiploid	tajima_d	1450001	413	-0.622895008473126	-0.623696	0.00080099152687374
AM9 LinJ.31 pseudodiploid	tajima_d	1500001	194	-1.27587017809054	-1.27814	0.00226982190945635
AM2-AM9 LinJ.31 pseudodiploid	fst	1	534	0.0367503785797376	0.0776268	-0.0408764214202624
AM2-AM9 LinJ.31 pseudodiploid	fst	50001	548	0.0345731838595152	0.0705536	-0.0359804161404848
AM2-AM9 LinJ.31 pseudodiploid	fst	100001	556	0.10227989607255	0.121113	-0.0188331039274502
AM2-AM9 LinJ.31 pseudodiploid	fst	150001	567	0	0.0628674	-0.0628674
AM2-AM9 LinJ.31 pseudodiploid	fst	250001	452	0.00954728500916975	0.0287704	-0.0192231149908303
AM2-AM9 LinJ.31 pseudodiploid	fst	400001	433	0.131486530297809	0.138391	-0.00690446970219141
AM2-AM9 LinJ.31 pseudodiploid	fst	450001	362	0.0431513071114848	0.0549586	-0.0118072928885152
AM2-AM9 LinJ.31 pseudodiploid	fst	500001	391	0.0325850229879217	0.0843573	-0.0517722770120783
AM2-AM9 LinJ.31 pseudodiploid	fst	550001	379	0.0327473439732537	0.0915365	-0.0587891560267464
AM2-AM9 LinJ.31 pseudodiploid	fst	700001	343	0.0301253939224878	0.0840504	-0.0539250060775122
AM2-AM9 LinJ.31 pseudodiploid	fst	750001	402	0.0201439079067023	0.0965793	-0.0764353920932977
AM2-AM9 LinJ.31 pseudodiploid	fst	800001	388	0.00461638593995059	0.066324	-0.0617076140600494
AM2-AM9 LinJ.31 pseudodiploid	fst	850001	407	0.0530594762892377	0.0631909	-0.0101314237107622
AM2-AM9 LinJ.31 pseudodiploid	fst	950001	332	0.0551556287407489	0.147533	-0.0923773712592511
AM2-AM9 LinJ.31 pseudodiploid	fst	1000001	535	0.106626067732551	0.122931	-0.0163049322674491
AM2-AM9 LinJ.31 pseudodiploid	fst	1050001	468	0.0202954076993162	0.072612	-0.0523165923006838
AM2-AM9 LinJ.31 pseudodiploid	fst	1150001	400	0.042783200709731	0.0935624	-0.050779199290269
AM2-AM9 LinJ.31 pseudodiploid	fst	1200001	524	0.0374501057967534	0.0532566	-0.0158064942032466
AM2-AM9 LinJ.31 pseudodiploid	fst	1250001	583	0.0258941811588409	0.0806316	-0.0547374188411591
AM2-AM9 LinJ.31 pseudodiploid	fst	1300001	435	0.117570672544472	0.104371	0.0131996725444717
AM2-AM9 LinJ.31 pseudodiploid	fst	1350001	417	0.0292073073550097	0.0682804	-0.0390730926449903
