sample	population	population_proportion	who_id	strain_code	clioc_id	other_id1	other_id2	source_geographic_region	country_code	source_country	source_state_or_region	source_town	host_code	host_species	coverage	coverage_rounded	...16	host_species_clean
SRR20748484	LO11	0.99989	MCAN/BR/1980/CR3	CR3	IOCL 0045	45	CR3	Americas	BR	Brazil	Rio de Janeiro	NA	MCAN	Dog	0	0	NA	Dog
SRR20748320	LO2	0.99989	MCAN/BR/1984/CCC-17.481	CCC-17.481	IOCL 0603	603	CCC-17.481	Americas	BR	Brazil	Ceara	Caucaia	MCAN	Dog	0	0	NA	Dog
SRR20748298	LO9	0.999883	MHOM/BR/2003/JBIC	JBIC	IOCL 2584	2584	JBIC	Americas	BR	Brazil	Mato Grosso do Sul	Campo Grande	MHOM	Human	4.3757944458779	4	NA	Human
SRR20748411	LO10	0.975985	MHOM/BR/2003/ACS	ACS	IOCL 2647	2647	ACS	Americas	BR	Brazil	Pernambuco	Recife	MHOM	Human	0	0	NA	Human
SRR20748400	LO9	0.99989	MCAN/BR/2002/LVV-135	LVV-135	IOCL 2664	2664	LVV-135	Americas	BR	Brazil	Mato Grosso do Sul	Campo Grande	MCAN	Dog	3.56187501056587	4	NA	Dog
SRR20748389	LO9	0.99989	MCAN/BR/2002/LVV-139	LVV-139	IOCL 2668	2668	LVV-139	Americas	BR	Brazil	Mato Grosso do Sul	Três Lagoas	MCAN	Dog	3.60090757127413	4	NA	Dog
SRR20748346	LO10	0.99989	MCAN/BR/2005/SPACK	SPACK	IOCL 2769	2769	SPACK	Americas	BR	Brazil	Pernambuco	São Vicente Ferrer	MCAN	Dog	0	0	NA	Dog
SRR20748335	LO9	0.99989	MHOM/BR/2005/phufms-85	phufms-85	IOCL 2777	2777	phufms-85	Americas	BR	Brazil	Mato Grosso do Sul	NA	MHOM	Human	3.72193615723159	4	NA	Human
SRR20748482	LO9	0.99989	MHOM/BR/2005/phufms-89	phufms-89	IOCL 2778	2778	phufms-89	Americas	BR	Brazil	Mato Grosso do Sul	Campo Grande	MHOM	Human	4.5347927797353	4	NA	Human
SRR20748471	LO11	0.99989	MHOM/BR/2005/2788	2788	NA	2788	2788	Americas	BR	Brazil	Espírito Santo	NA	MHOM	NA	0	0	NA	NA
SRR20748460	LO11	0.994577	MHOM/BR/2005/HRNS-1	HRNS-1	IOCL 2789	2789	HRNS-1	Americas	BR	Brazil	Espírito Santo	Rio Novo do Sul	MHOM	Human	0.00600367156287958	0	NA	Human
SRR20748438	LO10	0.99989	MCER/BR/1979/M6445	M6445	IOCL 2896	2896	M6445	Americas	BR	Brazil	Pará	NA	MCER	Human	0	0	NA	Human
SRR20748427	LO10	0.903243	MCAN/BR/2006/NMT-DF1421MO	NMT-DF1421MO	IOCL 2901	2901	NMT-DF1421MO	Americas	BR	Brazil	Distrito Federal	NA	MCAN	Dog	0	0	NA	Dog
SRR20748384	LO10	0.983882	MHOM/BR/2002/LPC-RPV	LPC-RPV	IOCL 2906	2906	LPC-RPV	Americas	BR	Brazil	Minas Gerais	NA	MHOM	Human	0	0	NA	Human
SRR20748323	LO2	0.988997	MHOM/BR/2006/1406MBS	1406MBS	IOCL 2976	2976	1406MBS	Americas	BR	Brazil	Piauí	NA	MHOM	Human	0	0	NA	Human
SRR20748317	LO11	0.99989	MCAN/BR/2007/CP-14	CP-14	IOCL 3023	3023	CP-14	Americas	BR	Brazil	Espírito Santo	Pancas	MCAN	Dog	0	0	NA	Dog
SRR20748315	LO10	0.99989	MHOM/BR/2008/RN-04	RN-04	IOCL 3050	3050	RN-04	Americas	BR	Brazil	Rio Grande do Norte	Natal	MHOM	Human	0	0	NA	Human
SRR20748313	LO10	0.99989	MHOM/BR/2008/RN-03	RN-03	IOCL 3052	3052	RN-03	Americas	BR	Brazil	Rio Grande do Norte	Natal	MHOM	Human	0	0	NA	Human
SRR20748308	LO7	0.969666	MHOM/BR/2009/ANC	ANC	IOCL 3105	3105	ANC	Americas	BR	Brazil	Maranhão	São Luís	MHOM	Human	3.53613618270054	4	NA	Human
SRR20748305	LO10	0.99989	MCAN/BR/2009/PANTERA-MO-I	PANTERA-MO-I	IOCL 3132	3132	PANTERA-MO-I	Americas	BR	Brazil	Mato Grosso	NA	MCAN	NA	0	0	NA	NA
SRR20748303	LO10	0.999887	MHOM/BR/2009/202	202	IOCL 3140	3140	3140	Americas	BR	Brazil	Mato Grosso	Cuiabá	MHOM	Human	0	0	NA	Human
SRR20748302	LO10	0.99989	MCAN/BR/2009/113-MO	113-MO	IOCL 3158	3158	113-MO	Americas	BR	Brazil	Mato Grosso	NA	MCAN	NA	0	0	NA	NA
SRR20748301	LO2	0.919866	MCAN/BR/2010/BURRINHO-I	BURRINHO-I	IOCL 3189	3189	BURRINHO-I	Americas	BR	Brazil	Rio Grande do Sul	NA	MCAN	NA	0	0	NA	NA
SRR20748300	LO11	0.99989	MCAN/BR/2010/LEONA	LEONA	IOCL 3193	3193	LEONA	Americas	BR	Brazil	Rio Grande do Sul	Uruguaiana	MCAN	Dog	0	0	NA	Dog
SRR20748299	LO11	0.99989	MCAN/BR/2010/LAIKA	LAIKA	IOCL 3198	3198	LAIKA	Americas	BR	Brazil	Rio Grande do Sul	Uruguaiana	MCAN	Dog	0	0	NA	Dog
SRR20748296	LO10	0.99989	MCAN/BR/2010/MEG	MEG	IOCL 3214	3214	MEG	Americas	BR	Brazil	Mato Grosso	Cuiabá	MCAN	Dog	0	0	NA	Dog
SRR20748295	LO10	0.99989	MCAN/BR/2010/MAGRÃO	MAGRÃO	IOCL 3227	3227	MAGRÃO	Americas	BR	Brazil	Mato Grosso	NA	MCAN	NA	0	0	NA	NA
SRR20748294	LO10	0.99989	MCAN/BR/2009/CLV9	CLV9	IOCL 3250	3250	CLV9	Americas	BR	Brazil	São Paulo	Embu das Artes	MCAN	Dog	0	0	NA	Dog
SRR20748293	LO10	0.999711	MCAN/BR/2010/PV82	PV82	IOCL 3264	3264	PV82	Americas	BR	Brazil	Rio Grande do Norte	Natal	MCAN	Dog	0	0	NA	Dog
SRR20748416	LO10	0.99989	MCAN/BR/2010/PV97	PV97	IOCL 3274	3274	PV97	Americas	BR	Brazil	Rio Grande do Norte	Natal	MCAN	Dog	0	0	NA	Dog
SRR20748415	LO10	0.99989	MCAN/BR/2010/PV98	PV98	IOCL 3275	3275	PV98	Americas	BR	Brazil	Rio Grande do Norte	Natal	MCAN	Dog	0	0	NA	Dog
SRR20748414	LO10	0.99989	MCAN/BR/2010/PV99	PV99	IOCL 3276	3276	PV99	Americas	BR	Brazil	Rio Grande do Norte	Natal	MCAN	Dog	0	0	NA	Dog
SRR20748413	LO10	0.99989	MCAN/BR/2010/282-II	282-II	IOCL 3320	3320	282-II	Americas	BR	Brazil	Mato Grosso	NA	MCAN	NA	0	0	NA	NA
SRR20748410	LO10	0.99989	MHOM/BR/2012/DIAG1502	DIAG1502	IOCL 3403	3403	DIAG1502	Americas	BR	Brazil	Rio Grande do Norte	Natal	MHOM	Human	0	0	NA	Human
SRR20748409	LO2	0.954751	MHOM/BR/2012/DIAG1521	DIAG1521	IOCL 3405	3405	DIAG1521	Americas	BR	Brazil	Rio Grande do Norte	Natal	MHOM	Human	0	0	NA	Human
SRR20748408	LO10	0.999885	MHOM/BR/2012/DIAG1551	DIAG1551	IOCL 3407	3407	DIAG1551	Americas	BR	Brazil	Rio Grande do Norte	Natal	MHOM	Human	0	0	NA	Human
SRR20748407	LO10	0.99989	MHOM/BR/2012/DIAG1586	DIAG1586	IOCL 3435	3435	DIAG1586	Americas	BR	Brazil	Rio Grande do Norte	Natal	MHOM	Human	0	0	NA	Human
SRR20748406	LO11	0.99989	MCAN/BR/2010/LSC_LOB	LSC_LOB	IOCL 3446	3446	LSC_LOB	Americas	BR	Brazil	Santa Catarina	Florianópolis	MCAN	Dog	0	0	NA	Dog
SRR20748403	LO10	0.99989	MCAN/BR/2014/CORAGEM	CORAGEM	IOCL 3537	3537	CORAGEM	Americas	BR	Brazil	São Paulo	São José do Rio Preto	MCAN	Dog	0	0	NA	Dog
SRR20748401	LO7	0.95281	MCAN/BR/2014/17BAÇO	17BAÇO	IOCL 3554	3554	17BAÇO	Americas	BR	Brazil	Maranhão	NA	MCAN	NA	3.66600094318639	4	NA	NA
SRR20748399	LO7	0.92455	MCAN/BR/2014/18BAÇO	18BAÇO	IOCL 3555	3555	18BAÇO	Americas	BR	Brazil	Maranhão	NA	MCAN	NA	3.52370555340747	4	NA	NA
SRR20748398	LO7	0.92824	MCAN/BR/2014/18MEDULA	18MEDULA	IOCL 3556	3556	18MEDULA	Americas	BR	Brazil	Maranhão	São Luís	MCAN	Dog	3.63463485757354	4	NA	Dog
SRR20748397	LO2	0.912008	MCAN/BR/2014/19BAÇO	19BAÇO	IOCL 3557	3557	19BAÇO	Americas	BR	Brazil	Maranhão	NA	MCAN	NA	0.759034285206127	1	NA	NA
SRR20748396	LO2	0.99989	MCAN/BR/2014/21BAÇO	21BAÇO	IOCL 3558	3558	21BAÇO	Americas	BR	Brazil	Maranhão	NA	MCAN	NA	0	0	NA	NA
SRR20748395	LO7	0.949876	MCAN/BR/2014/POODLE-FÊMEA	POODLE-FÊMEA	IOCL 3559	3559	POODLE-FÊMEA	Americas	BR	Brazil	Maranhão	NA	MCAN	NA	3.38655431162466	3	NA	NA
SRR20748393	LO11	0.99989	MCAN/BR/2015/TUBO4	TUBO4	IOCL 3597	3597	TUBO4	Americas	BR	Brazil	Rio de Janeiro	Barra Mansa	MCAN	Dog	0	0	NA	Dog
SRR20748392	LO11	0.994868	MCAN/BR/2016/90	90	IOCL 3634	3634	90	Americas	BR	Brazil	Rio de Janeiro	Barra Mansa	MCAN	Dog	0	0	NA	Dog
SRR20748391	LO11	0.99989	MCAN/BR/2015/PACO	PACO	IOCL 3719	3719	PACO	Americas	BR	Brazil	Santa Catarina	Florianópolis	MCAN	Dog	0	0	NA	Dog
SRR20748390	LO11	0.99989	MCAN/BR/2010/LOBA	LOBA	IOCL 3722	3722	LOBA	Americas	BR	Brazil	Santa Catarina	Florianópolis	MCAN	Dog	0	0	NA	Dog
SRR20748388	LO11	0.999886	MCAN/BR/2015/LAIKA	LAIKA	IOCL 3733	3733	LAIKA	Americas	BR	Brazil	Santa Catarina	Florianópolis	MCAN	Dog	0	0	NA	Dog
SRR20748387	LO11	0.99989	MCAN/BR/2015/LUMA	LUMA	IOCL 3734	3734	LUMA	Americas	BR	Brazil	Santa Catarina	Florianópolis	MCAN	Dog	0	0	NA	Dog
SRR20748386	LO11	0.99989	MCAN/BR/2010/PONGO	PONGO	IOCL 3735	3735	PONGO	Americas	BR	Brazil	Santa Catarina	Florianópolis	MCAN	Dog	0	0	NA	Dog
SRR20748352	LO11	0.999883	MCAN/BR/2016/NICK	NICK	IOCL 3738	3738	NICK	Americas	BR	Brazil	Santa Catarina	Florianópolis	MCAN	Dog	0	0	NA	Dog
SRR20748351	LO11	0.99989	MCAN/BR/2015/BOMBOM	BOMBOM	IOCL 3739	3739	BOMBOM	Americas	BR	Brazil	Santa Catarina	Florianópolis	MCAN	Dog	0	0	NA	Dog
SRR20748350	LO11	0.99989	MCAN/BR/2015/SCOOBY	SCOOBY	IOCL 3741	3741	SCOOBY	Americas	BR	Brazil	Santa Catarina	Florianópolis	MCAN	Dog	0	0	NA	Dog
SRR20748347	LO11	0.99989	MCAN/BR/2015/BONECA	BONECA	IOCL 3744	3744	BONECA	Americas	BR	Brazil	Santa Catarina	Florianópolis	MCAN	Dog	0	0	NA	Dog
SRR20748345	LO11	0.99989	MCAN/BR/2015/GORKIM	GORKIM	IOCL 3750	3750	GORKIM	Americas	BR	Brazil	Santa Catarina	Florianópolis	MCAN	Dog	0	0	NA	Dog
SRR20748344	LO11	0.99989	MCAN/BR/2015/HANNA	HANNA	IOCL 3751	3751	HANNA	Americas	BR	Brazil	Santa Catarina	Florianópolis	MCAN	Dog	0	0	NA	Dog
SRR20748342	LO11	0.99989	MCAN/BR/2015/MAGRELO	MAGRELO	IOCL 3753	3753	MEGRELO	Americas	BR	Brazil	Santa Catarina	Florianópolis	MCAN	Dog	0	0	NA	Dog
SRR20748341	LO11	0.99989	MCAN/BR/2016/BOLA	BOLA	IOCL 3754	3754	BOLA	Americas	BR	Brazil	Santa Catarina	Florianópolis	MCAN	Dog	0	0	NA	Dog
SRR20748340	LO11	0.99989	MCAN/BR/2015/NICO	NICO	IOCL 3755	3755	NICO	Americas	BR	Brazil	Santa Catarina	Florianópolis	MCAN	Dog	0	0	NA	Dog
SRR20748339	LO11	0.99989	MCAN/BR/2017/BETANIA	BETANIA	IOCL 3757	3757	BETANIA	Americas	BR	Brazil	Rio de Janeiro	NA	MCAN	Dog	0	0	NA	Dog
SRR20748462	LO2	0.901017	MHOM/BR/2017/6893P	6893P	NA	6893P	6893P	Americas	BR	Brazil	Piauí	Teresina	MHOM	Homo sapiens	0.37388921869655	0	NA	Human
SRR20748461	LO2	0.99989	MHOM/BR/2017/6950P	6950P	NA	6950P	6950P	Americas	BR	Brazil	Piauí	Nossa Senhora dos Remédios	MHOM	Homo sapiens	0	0	NA	Human
SRR20748456	LO7	0.99989	MHOM/BR/NA/6969P	6969P	NA	7015P	7015P	Americas	BR	Brazil	Piauí	NA	MHOM	NA	0	0	NA	NA
SRR20748455	LO7	0.954467	MHOM/BR/2017/7024P	7024P	NA	7024P	7024P	Americas	BR	Brazil	Piauí	Piripiri	MHOM	Homo sapiens	3.64864044435569	4	NA	Human
SRR20748443	LO10	0.99989	MHOM/BR/NA/MG16C	MG16C	NA	MG16C	MG16C	Americas	BR	Brazil	Minas Gerais	NA	MHOM	Homo sapiens	0.0121842131159967	0	NA	Human
SRR20748442	LO10	0.99989	MHOM/BR/NA/MG18C	MG18C	NA	MG18C	MG18C	Americas	BR	Brazil	Minas Gerais	NA	MHOM	Homo sapiens	0.00720254169502936	0	NA	Human
SRR20748441	LO10	0.99989	MHOM/BR/1996/NDI-002	NDI-002	NA	NDI_002	NDI_002	Americas	BR	Brazil	Piauí	NA	MHOM	NA	0	0	NA	NA
SRR20748440	LO10	0.99989	MHOM/BR/1996/NDI-004	NDI-004	NA	NDI_004	NDI-004	Americas	BR	Brazil	Piauí	NA	MHOM	NA	0	0	NA	NA
SRR20748439	LO10	0.99989	MHOM/BR/1996/NDI-005	NDI-005	NA	NDI_005	NDI-005	Americas	BR	Brazil	Piauí	NA	MHOM	NA	0	0	NA	NA
SRR20748436	LO7	0.99989	MHOM/BR/1997/NDI-009	NDI-009	NA	NDI_009	NDI-009	Americas	BR	Brazil	Piauí	NA	MHOM	NA	0	0	NA	NA
SRR20748434	LO10	0.99989	MHOM/BR/1997/NDI-011	NDI-011	NA	NDI_011	NDI-011	Americas	BR	Brazil	Piauí	NA	MHOM	NA	0	0	NA	NA
SRR20748433	LO7	0.999875	MHOM/BR/1997/NDI-017	NDI-017	NA	NDI_017	NDI-017	Americas	BR	Brazil	Piauí	NA	MHOM	NA	0	0	NA	NA
SRR20748432	LO7	0.99989	MHOM/BR/1997/NDI-018	NDI-018	NA	NDI_018	NDI-018	Americas	BR	Brazil	Piauí	NA	MHOM	NA	0	0	NA	NA
SRR20748430	LO7	0.99989	MHOM/BR/1997/NDI-022	NDI-022	NA	NDI_022	NDI-022	Americas	BR	Brazil	Piauí	NA	MHOM	NA	0	0	NA	NA
SRR20748429	LO7	0.990626	MHOM/BR/1997/NDI-033	NDI-033	NA	NDI_033	NDI-033	Americas	BR	Brazil	Piauí	NA	MHOM	NA	0	0	NA	NA
SRR20748425	LO11	0.99989	MHOM/BR/NA/NDI-044ES	NDI-044ES	NA	NDI_044ES	NDI-044ES	Americas	BR	Brazil	Espírito Santo	NA	MHOM	NA	0	0	NA	NA
SRR20748423	LO7	0.99989	MHOM/BR/1997/NDI-050	NDI-050	NA	NDI_050	NDI-050	Americas	BR	Brazil	Piauí	NA	MHOM	NA	0	0	NA	NA
SRR20748422	LO7	0.99989	MHOM/BR/1997/NDI-051	NDI-051	NA	NDI_051	NDI-051	Americas	BR	Brazil	Piauí	NA	MHOM	NA	0	0	NA	NA
SRR20748421	LO7	0.99989	MHOM/BR/1997/NDI-052	NDI-052	NA	NDI_052	NDI-052	Americas	BR	Brazil	Piauí	NA	MHOM	NA	0	0	NA	NA
SRR20748420	LO10	0.99989	MHOM/BR/NA/NDI-053ES	NDI-053ES	NA	NDI_053ES	NDI-053ES	Americas	BR	Brazil	Espírito Santo	NA	MHOM	NA	0	0	NA	NA
SRR20748419	LO10	0.99989	MHOM/BR/1997/NDI-054	NDI-054	NA	NDI_054	NDI-054	Americas	BR	Brazil	Piauí	NA	MHOM	NA	0	0	NA	NA
SRR20748417	LO7	0.99989	MHOM/BR/1997/NDI-056	NDI-056	NA	NDI_056	NDI-056	Americas	BR	Brazil	Piauí	NA	MHOM	NA	0	0	NA	NA
SRR20748383	LO10	0.99989	MHOM/BR/1998/NDI-060	NDI-060	NA	NDI_060	NDI-060	Americas	BR	Brazil	Piauí	NA	MHOM	NA	0	0	NA	NA
SRR20748381	LO7	0.99989	MHOM/BR/NA/PI02C	PI02C	NA	PI02C	PI02C	Americas	BR	Brazil	Piauí	NA	MHOM	Homo sapiens	0.00267547298751933	0	NA	Human
SRR20748380	LO2	0.99989	MHOM/BR/NA/PI03C	PI03C	NA	PI03C	PI03C	Americas	BR	Brazil	Piauí	NA	MHOM	Homo sapiens	0.0254336136621672	0	NA	Human
SRR20748379	LO7	0.99989	MHOM/BR/NA/PI12C	PI12C	NA	PI12C	PI12C	Americas	BR	Brazil	Piauí	NA	MHOM	Homo sapiens	3.850941756868	4	NA	Human
SRR20748374	LO7	0.99989	MHOM/BR/1995/UB126	UB126	NA	UB126	UB126	Americas	BR	Brazil	Minas Gerais	Porteirinha	MHOM	Homo sapiens	6.75e-4	0	NA	Human
SRR20748371	LO10	0.977756	MHOM/BR/1995/UB129	UB129	NA	UB129	UB129	Americas	BR	Brazil	Minas Gerais	Montes Claros	MHOM	Homo sapiens	0	0	NA	Human
SRR20748370	LO11	0.999884	MHOM/BR/NA/UB131ES	UB131ES	NA	UB131ES	UB131ES	Americas	BR	Brazil	Espírito Santo	NA	MHOM	Homo sapiens	0	0	NA	Human
SRR20748366	LO11	0.928515	MHOM/BR/NA/UB151BA	UB151BA	NA	UB151BA	UB151BA	Americas	BR	Brazil	Bahia	NA	MHOM	Homo sapiens	0.176832019345243	0	NA	Human
SRR20748365	LO10	0.98396	MHOM/BR/1996/UB156	UB156	NA	UB156	UB156	Americas	BR	Brazil	Minas Gerais	Montes Claros	MHOM	Homo sapiens	0	0	NA	Human
SRR20748364	LO7	0.99989	MHOM/BR/1996/UB157	UB157	NA	UB157	UB157	Americas	BR	Brazil	Minas Gerais	Capitão Eneas	MHOM	Homo sapiens	0	0	NA	Human
SRR20748363	LO10	0.99989	MHOM/BR/1996/UB159	UB159	NA	UB159	UB159	Americas	BR	Brazil	Minas Gerais	Montes Claros	MHOM	Homo sapiens	0.00466428030167759	0	NA	Human
SRR20748360	LO11	0.995907	MHOM/BR/1996/UB163	UB163	NA	UB163	UB163	Americas	BR	Brazil	Minas Gerais	Montes Claros	MHOM	Homo sapiens	0	0	NA	Human
SRR20748358	LO10	0.963042	MHOM/BR/1996/UB166	UB166	NA	UB166	UB166	Americas	BR	Brazil	Minas Gerais	Pirapora	MHOM	Homo sapiens	0.056022864629567	0	NA	Human
SRR20748357	LO11	0.99989	MHOM/BR/NA/UB174ES	UB174ES	NA	UB174ES	UB174ES	Americas	BR	Brazil	Espírito Santo	NA	MHOM	Homo sapiens	0	0	NA	Human
SRR20748356	LO11	0.99989	MHOM/BR/NA/UB179ES	UB179ES	NA	UB179ES	UB179ES	Americas	BR	Brazil	Espírito Santo	NA	MHOM	Homo sapiens	0.00599607815943264	0	NA	Human
SRR20748354	LO10	0.999888	MHOM/BR/1996/UB186	UB186	NA	UB186	UB186	Americas	BR	Brazil	Minas Gerais	Montes Claros	MHOM	Homo sapiens	0	0	NA	Human
SRR20748322	LO10	0.911365	MHOM/BR/1996/UB194	UB194	NA	UB194	UB194	Americas	BR	Brazil	Minas Gerais	Capitão Eneas	MHOM	Homo sapiens	0.23263628809502301	0	NA	Human
SRR20748321	LO10	0.99989	MHOM/BR/1997/UB203	UB203	NA	UB203	UB203	Americas	BR	Brazil	Minas Gerais	Francisco Sá	MHOM	Homo sapiens	0	0	NA	Human
SRR20748310	LO11	0.99989	MCAN/PY/2009/EG15	EG15	IOCL 3095	3095	EG15	Americas	PY	Paraguay	NA	NA	MCAN	Dog	0	0	DUPLICATE	Dog
SRR20748451	LO11	0.99989	MCAN/UY/2015/bCH11	bCH11	NA	bCH11	bCH11	Americas	UY	Uruguay	NA	NA	MCAN	NA	0	0	DUPLICATE	NA
SRR20748450	LO11	0.99989	MCAN/UY/2015/bPL7	bPL7	NA	bPL7	D4	Americas	UY	Uruguay	NA	NA	MCAN	NA	0	0	DUPLICATE	NA
SRR20748447	LO11	0.912688	MCAN/UY/2015/gPL8	gPL8	NA	gPL8	gPL8	Americas	UY	Uruguay	NA	NA	MCAN	NA	0.0394153222296938	0	DUPLICATE	NA
SRR20748445	LO11	0.939531	MCAN/UY/2015/mCO8	mCO8	NA	mCO2	mCO2	Americas	UY	Uruguay	NA	NA	MCAN	NA	0	0	DUPLICATE	NA
SRR20748463	LO3	0.99989	MNYT/CN/80/RACOONDOG	RACOONDOG	NA	666M	RACOONDOG	Central.East.Asia	CN	China	Miyun	NA	MNYT	Nyctomys procyonoides	3.59634240806927	4	NA	Dog
SRR20748453	LO3	0.99989	MHOM/CN/79/STRAIN-B	STRAIN-B	NA	970M	STRAIN-B	Central.East.Asia	CN	China	Shandong	NA	MHOM	Homo sapiens	3.01344877900073	3	NA	Human
SRR20748472	LO3	0.99989	MCAN/UZ/2007/LRC-L1308	LRC-L1308	NA	5536M	LRC-L1308	Central.East.Asia	UZ	Uzbekistan	Namangan Region	NA	MCAN	Canis familiaris	3.92054077451714	4	NA	Dog
SRR20748470	LO3	0.99989	MCAN/UZ/2007/LRC-L1309	LRC-L1309	NA	5537M	LRC-L1309	Central.East.Asia	UZ	Uzbekistan	Namangan Region	NA	MCAN	Canis familiaris	3.80644558638974	4	NA	Dog
SRR20748469	LO3	0.99989	MCAN/UZ/2007/LRC-L1310	LRC-L1310	NA	5538M	LRC-L1310	Central.East.Asia	UZ	Uzbekistan	Namangan Region	NA	MCAN	Canis familiaris	3.74827028897386	4	NA	Dog
SRR20748480	LO1	0.99989	MCAN/AL/98/C78L574-2	C78L574-2	NA	3895M	C78L574-2	Europe	AL	Albania	Tirana	NA	MCAN	Canis familiaris	3.84813918877917	4	NA	Dog
SRR20748452	LO1	0.999885	MHOM/GR/79/LGR4	LGR4	NA	972M	LGR4	Europe	GR	Greece	Salamis	NA	MHOM	Homo sapiens	3.56727176652053	4	NA	Human
SRR20748467	LO1	0.999889	MHOM/IT/2010/LPN344	LPN344	NA	6049M	LPN344	Europe	IT	Italy	Naples	NA	MHOM	Homo sapiens	3.77278602661469	4	NA	Human
SRR20748468	LO5	0.99989	MHOM/ES/2009/LCB43	LCB43	NA	5796M	LCB43	Europe	ES	Spain	Madrid	NA	MHOM	Homo sapiens	3.70200277091475	4	NA	Human
SRR20748481	LO8	0.965318	MCAN/IL/97/LRC-L719	LRC-L719	NA	3385M	LRC-L719	Middle.East	IL	Israel	Rishon Lezion	NA	MCAN	Canis familiaris	3.23394560540459	3	NA	Dog
SRR20748465	LO1	0.999889	MCAN/TR/2011/CBU13	CBU13	NA	6435M	CBU13	Middle.East	TR	Turkiye	Aydin	NA	MCAN	Canis familiaris	4.26607705166132	4	NA	Dog
SRR20748336	LO1	0.99989	MCAN/YE/88/LEM1267	LEM1267	NA	1267M	LEM1267	Middle.East	YE	Yemen	Tihama	NA	MCAN	Canis familiaris	3.98887823338714	4	NA	Dog
SRR20748337	LO1	0.99989	MHOM/EG/87/RTC2	RTC2	NA	1208M	RTC2	North.Africa	EG	Egypt	Hanovil	NA	MHOM	Homo sapiens	4.09113285983924	4	NA	Human
SRR20748477	LO5	0.99989	MHOM/MA/2003/TIM10	TIM10	NA	4616M	TIM10	North.Africa	MA	Morocco	Marakech	NA	MHOM	Homo sapiens	3.6529458264182	4	NA	Human
SRR20748331	LO8	0.99989	MHOM/TN/80/IPT1	IPT1	NA	235M	IPT1	North.Africa	TN	Tunisia	Monastir	NA	MHOM	Homo sapiens	3.70408170060488	4	NA	Human
SRR20748479	LO8	0.99989	MHOM/TN/2000/TUM56	TUM56	NA	4022M	TUM56	North.Africa	TN	Tunisia	Monastir	NA	MHOM	Homo sapiens	3.96515650401285	4	NA	Human
SRR7970015	LO7	0.99989	MHOM/BR/NA/MA01A	MA01A	NA	SRR7970015	MA01A	Americas	BR	Brazil	Maranhão	NA	MHOM	Homo sapiens	4.03431855562829	4	NA	Human
SRR7970024	LO10	0.962757	MHOM/BR/NA/MG18A	MG18A	NA	SRR7970024	MG18A	Americas	BR	Brazil	Minas Gerais	NA	MHOM	Homo sapiens	0.00334478203283567	0	NA	Human
SRR7970026	LO10	0.99989	MHOM/BR/NA/MG16A	MG16A	NA	SRR7970026	MG16A	Americas	BR	Brazil	Minas Gerais	NA	MHOM	Homo sapiens	0.0037190259504301	0	NA	Human
SRR7970028	LO2	0.964868	MHOM/BR/NA/PI03A	PI03A	NA	SRR7970028	PI03A	Americas	BR	Brazil	Piauí	NA	MHOM	Homo sapiens	0	0	NA	Human
SRR7970029	LO7	0.995482	MHOM/BR/NA/MG19A	MG19A	NA	SRR7970029	MG19A	Americas	BR	Brazil	Minas Gerais	NA	MHOM	Homo sapiens	4.74e-4	0	NA	Human
SRR7970030	LO2	0.99989	MHOM/BR/NA/PI01A	PI01A	NA	SRR7970030	PI01A	Americas	BR	Brazil	Piauí	NA	MHOM	Homo sapiens	0	0	NA	Human
SRR7970031	LO7	0.980191	MHOM/BR/NA/PI04A	PI04A	NA	SRR7970031	PI04A	Americas	BR	Brazil	Piauí	NA	MHOM	Homo sapiens	3.66493247416894	4	NA	Human
SRR7970034	LO7	0.979228	MHOM/BR/NA/PI09A	PI09A	NA	SRR7970034	PI09A	Americas	BR	Brazil	Piauí	NA	MHOM	Homo sapiens	3.74259923803045	4	NA	Human
SRR10478767	LO6	0.99989	MHOM/BR/NA/P2492	P2492	NA	SRR10478767	P2492	Americas	BR	Brazil	Maranhão	NA	MHOM	NA	2.12407554631198	2	NA	NA
SRR10478770	LO6	0.933315	MHOM/BR/NA/P2145	P2145	NA	SRR10478770	P2145	Americas	BR	Brazil	Piauí	NA	MHOM	NA	2.10902642833697	2	NA	NA
SRR10478771	LO6	0.99989	MHOM/BR/NA/P2008	P2008	NA	SRR10478771	P2008	Americas	BR	Brazil	Piauí	NA	MHOM	NA	4.15379700438281	4	NA	NA
SRR10478772	LO6	0.99989	MHOM/BR/NA/P1801	P1801	NA	SRR10478772	P1801	Americas	BR	Brazil	Maranhão	NA	MHOM	NA	2.51719460539589	3	NA	NA
SRR10478774	LO6	0.99989	MHOM/BR/NA/P1689	P1689	NA	SRR10478774	P1689	Americas	BR	Brazil	Maranhão	NA	MHOM	NA	0	0	NA	NA
SRR10478775	LO6	0.99989	MHOM/BR/NA/P1661	P1661	NA	SRR10478775	P1661	Americas	BR	Brazil	Piauí	NA	MHOM	NA	0.0012481203845597	0	NA	NA
SRR10478777	LO6	0.99989	MHOM/BR/NA/P3171	P3171	NA	SRR10478777	P3171	Americas	BR	Brazil	Piauí	NA	MHOM	NA	4.24778164129886	4	NA	NA
SRR10478778	LO6	0.99989	MHOM/BR/NA/P3170	P3170	NA	SRR10478778	P3170	Americas	BR	Brazil	Maranhão	NA	MHOM	NA	2.91711183052912	3	NA	NA
SRR10478779	LO6	0.99989	MHOM/BR/NA/P3169	P3169	NA	SRR10478779	P3169	Americas	BR	Brazil	Piauí	NA	MHOM	NA	0	0	NA	NA
SRR10478781	LO6	0.99989	MHOM/BR/NA/P3153	P3153	NA	SRR10478781	P3153	Americas	BR	Brazil	Piauí	NA	MHOM	NA	4.20821251036671	4	NA	NA
SRR10478782	LO6	0.99989	MHOM/BR/NA/P3151	P3151	NA	SRR10478782	P3151	Americas	BR	Brazil	Piauí	NA	MHOM	NA	2.06116291984121	2	NA	NA
SRR10478783	LO6	0.99989	MHOM/BR/NA/P3149	P3149	NA	SRR10478783	P3149	Americas	BR	Brazil	Maranhão	NA	MHOM	NA	4.26832870875802	4	NA	NA
SRR10478784	LO6	0.99989	MHOM/BR/NA/P3148	P3148	NA	SRR10478784	P3148	Americas	BR	Brazil	Maranhão	NA	MHOM	NA	4.08503611903096	4	NA	NA
SRR10478786	LO6	0.99989	MHOM/BR/NA/P3130	P3130	NA	SRR10478786	P3130	Americas	BR	Brazil	Piauí	NA	MHOM	NA	4.19370180712115	4	NA	NA
SRR10478787	LO6	0.994706	MHOM/BR/NA/P1255	P1255	NA	SRR10478787	P1255	Americas	BR	Brazil	Maranhão	NA	MHOM	NA	0	0	NA	NA
SRR10478789	LO6	0.99989	MHOM/BR/NA/P3113	P3113	NA	SRR10478789	P3113	Americas	BR	Brazil	Maranhão	NA	MHOM	NA	2.41996268843212	2	NA	NA
SRR10478790	LO6	0.99989	MHOM/BR/NA/P3097	P3097	NA	SRR10478790	P3097	Americas	BR	Brazil	Piauí	NA	MHOM	NA	0.0595868844606802	0	NA	NA
SRR10478792	LO6	0.99989	MHOM/BR/NA/P2914	P2914	NA	SRR10478792	P2914	Americas	BR	Brazil	Maranhão	NA	MHOM	NA	2.00371329531056	2	NA	NA
SRR10478793	LO6	0.99989	MHOM/BR/NA/P2765	P2765	NA	SRR10478793	P2765	Americas	BR	Brazil	Piauí	NA	MHOM	NA	3.96286947792466	4	NA	NA
SRR10478795	LO6	0.99989	MHOM/BR/NA/P2527	P2527	NA	SRR10478795	P2527	Americas	BR	Brazil	Piauí	NA	MHOM	NA	9.85e-4	0	NA	NA
SRR10478796	LO6	0.99989	MHOM/BR/NA/P2525	P2525	NA	SRR10478796	P2525	Americas	BR	Brazil	Maranhão	NA	MHOM	NA	0	0	NA	NA
SRR12506670	LO10	0.999889	MCAN/BR/2009/PATETA	PATETA	IOCL 3136	SRR12506670	Del_MT_3136	Americas	BR	Brazil	Mato Grosso	NA	MCAN	NA	0	0	NA	NA
SRR12506671	LO11	0.961571	MCAN/BR/2010/CA4	CA4	IOCL 3381	SRR12506671	Del_MG_3381	Americas	BR	Brazil	Minas Gerais	NA	MCAN	NA	0.0843741434402872	0	NA	NA
SRR12506672	LO11	0.912672	MCAN/BR/2010/CA3	CA3	IOCL 3380	SRR12506672	Del_MG_3380	Americas	BR	Brazil	Minas Gerais	NA	MCAN	NA	0	0	NA	NA
SRR12506673	LO11	0.99989	MCAN/BR/2010/CA2	CA2	IOCL 3379	SRR12506673	Del_MG_3379	Americas	BR	Brazil	Minas Gerais	NA	MCAN	NA	0	0	NA	NA
SRR12506679	LO9	0.99989	MCAN/BR/2007/CG-2	CG-2	IOCL 3035	SRR12506679	NonDel_MS_3035	Americas	BR	Brazil	Mato Grosso do Sul	NA	MCAN	NA	4.3710259398401	4	NA	NA
SRR12506680	LO9	0.99989	MHOM/BR/2007/ARL	ARL	IOCL 2935	SRR12506680	NonDel_MS_2935	Europe	BR	Spain	Madrid	NA	MHOM	NA	3.65710469861086	4	NA	NA
SRR12506681	LO9	0.99989	MHOM/BR/2003/phufms-155	phufms-155	IOCL 2702	SRR12506681	NonDel_MS_2702	Americas	BR	Brazil	Mato Grosso do Sul	NA	MHOM	NA	3.82509314721714	4	NA	NA
SRR12506683	LO11	0.99989	MCAN/BR/2010/CA1	CA1	IOCL 3378	SRR12506683	Del_MG_3378	Americas	BR	Brazil	Minas Gerais	NA	MCAN	NA	0	0	NA	NA
SRR12506684	LO9	0.99989	MCAN/BR/2002/LVV-140	LVV-140	IOCL 2669	SRR12506684	NonDel_MS_2669	Americas	BR	Brazil	Mato Grosso do Sul	NA	MCAN	NA	3.59818628693556	4	NA	NA
SRR12506685	LO9	0.999884	MCAN/BR/2002/LVV-139	LVV-139	IOCL 2668	SRR12506685	NonDel_MS_2668	Americas	BR	Brazil	Mato Grosso do Sul	Três Lagoas	MCAN	Dog	3.34201824833948	3	NA	Dog
SRR12506686	LO9	0.999886	MCAN/BR/2002/LVV-137	LVV-137	IOCL 2666	SRR12506686	NonDel_MS_2666	Americas	BR	Brazil	Mato Grosso do Sul	Três Lagoas	MCAN	Dog	4.66446014644346	4	NA	Dog
SRR12506688	LO9	0.999888	MCAN/BR/2002/LVV-135	LVV-135	IOCL 2664	SRR12506688	NonDel_MS_2664	Americas	BR	Brazil	Mato Grosso do Sul	Campo Grande	MCAN	Dog	3.86875748991947	4	NA	Dog
SRR12506689	LO9	0.99989	MCAN/BR/2003/HUGER	HUGER	IOCL 2569	SRR12506689	NonDel_MS_2569	Americas	BR	Brazil	Mato Grosso do Sul	NA	MCAN	NA	3.29478738705445	3	NA	NA
SRR12506694	LO11	0.99989	MCAN/BR/2008/CP-18	CP-18	IOCL 3068	SRR12506694	Del_ES_3068	Americas	BR	Brazil	Espírito Santo	NA	MCAN	NA	0	0	NA	NA
SRR12506698	LO11	0.947048	MCAN/BR/2009/CLV22	CLV22	IOCL 3256	SRR12506698	Del_SP_3256	Americas	BR	Brazil	São Paulo	NA	MCAN	NA	0	0	NA	NA
SRR12506699	LO11	0.904836	MCAN/BR/2009/CLV9	CLV9	IOCL 3250	SRR12506699	Del_SP_3250	Americas	BR	Brazil	São Paulo	Embu das Artes	MCAN	Dog	0	0	NA	Dog
SRR12506701	LO10	0.99989	MCAN/BR/2011/PV-128	PV-128	IOCL 3335	SRR12506701	Del_RN_3335	Americas	BR	Brazil	Rio Grande do Norte	NA	MCAN	NA	0	0	NA	NA
SRR12506702	LO10	0.99989	MCAN/BR/2010/PV75	PV75	IOCL 3187	SRR12506702	Del_RN_3187	Americas	BR	Brazil	Rio Grande do Norte	NA	MCAN	NA	0	0	NA	NA
SRR12506703	LO10	0.99989	MCAN/BR/2010/PV74	PV74	IOCL 3186	SRR12506703	Del_RN_3186	Americas	BR	Brazil	Rio Grande do Norte	NA	MCAN	NA	0.00314386248607733	0	NA	NA
SRR12506705	LO11	0.99989	MHOM/BR/2005/HRNS-1	HRNS-1	IOCL 2789	SRR12506705	Del_ES_2789	Americas	BR	Brazil	Espírito Santo	Rio Novo do Sul	MHOM	Human	0	0	NA	Human
SRR12506706	LO10	0.99989	MCAN/BR/2010/PV72	PV72	IOCL 3184	SRR12506706	Del_RN_3184	Americas	BR	Brazil	Rio Grande do Norte	NA	MCAN	NA	0	0	NA	NA
SRR12506707	LO10	0.99989	MCAN/BR/2010/PV71	PV71	IOCL 3183	SRR12506707	Del_RN_3183	Americas	BR	Brazil	Rio Grande do Norte	NA	MCAN	NA	0	0	NA	NA
SRR12506708	LO10	0.99989	MCAN/BR/2010/PV69	PV69	IOCL 3182	SRR12506708	Del_RN_3182	Americas	BR	Brazil	Rio Grande do Norte	NA	MCAN	NA	0	0	NA	NA
SRR12506709	LO10	0.99989	MCAN/BR/2010/PV65	PV65	IOCL 3178	SRR12506709	Del_RN_3178	Americas	BR	Brazil	Rio Grande do Norte	NA	MCAN	NA	0	0	NA	NA
SRR12506710	LO10	0.999889	MCAN/BR/2010/PV64	PV64	IOCL 3177	SRR12506710	Del_RN_3177	Americas	BR	Brazil	Rio Grande do Norte	NA	MCAN	NA	0	0	NA	NA
SRR12506711	LO10	0.99989	MCAN/BR/2010/PV63	PV63	IOCL 3176	SRR12506711	Del_RN_3176	Americas	BR	Brazil	Rio Grande do Norte	NA	MCAN	NA	0	0	NA	NA
SRR12506716	LO11	0.99989	MHOM/BR/2005/DRD	DRD	IOCL 2788	SRR12506716	Del_ES_2788	Americas	BR	Brazil	Espírito Santo	NA	MHOM	NA	0	0	NA	NA
SRR12506718	LO10	0.99989	MCAN/BR/2010/MAGRÃO	MAGRÃO	IOCL 3227	SRR12506718	Del_MT_3227	Americas	BR	Brazil	Mato Grosso	NA	MCAN	NA	0	0	NA	NA
SRR12506719	LO10	0.99989	MCAN/BR/2010/CHITARA-I	CHITARA-I	IOCL 3225	SRR12506719	Del_MT_3225	Americas	BR	Brazil	Mato Grosso	NA	MCAN	NA	0	0	NA	NA
SRR12506721	LO10	0.999886	MCAN/BR/2010/TITÃ-I	TITÃ-I	IOCL 3219	SRR12506721	Del_MT_3219	Americas	BR	Brazil	Mato Grosso	NA	MCAN	NA	0	0	NA	NA
SRR12506722	LO10	0.99989	MCAN/BR/2010/MEG	MEG	IOCL 3214	SRR12506722	Del_MT_3214	Americas	BR	Brazil	Mato Grosso	Cuiabá	MCAN	Dog	0	0	NA	Dog
SRR12506723	LO10	0.99989	MCAN/BR/2010/DIMY-I	DIMY-I	IOCL 3212	SRR12506723	Del_MT_3212	Americas	BR	Brazil	Mato Grosso	NA	MCAN	NA	0	0	NA	NA
SRR12506724	LO10	0.99989	MCAN/BR/2010/ROBI	ROBI	IOCL 3209	SRR12506724	Del_MT_3209	Americas	BR	Brazil	Mato Grosso	NA	MCAN	NA	0	0	NA	NA
SRR12506726	LO10	0.99989	MCAN/BR/2009/BRONCRIS	BRONCRIS	IOCL 3138	SRR12506726	Del_MT_3138	Americas	BR	Brazil	Mato Grosso	Rondonópolis	MCAN	Dog	0	0	NA	Dog
SRR12506727	LO2	0.99989	MCAN/BR/2005/NMT-DF544MO	NMT-DF544MO	IOCL 2919	SRR12506727	Del_DF_2919	Americas	BR	Brazil	Distrito Federal	NA	MCAN	NA	0	0	NA	NA
SRR12506728	LO7	0.938782	MHOM/BR/2006/NMT-HUB402982MO	NMT-HUB402982MO	IOCL 2898	SRR12506728	Del_DF_2898	Americas	BR	Brazil	Distrito Federal	NA	MHOM	NA	0	0	NA	NA
SRR13744648	LO6	0.994706	MHOM/BR/2006/1255	1255	NA	1255	1255	Americas	BR	Brazil	Maranhão	Timon	MHOM	Homo sapiens	0	0	NA	Human
SRR13744637	LO6	0.99989	MHOM/BR/2016/1661	1661	NA	1661	1661	Americas	BR	Brazil	Piauí	Floriano	MHOM	Homo sapiens	0.0012481203845597	0	NA	Human
SRR13744626	LO6	0.99989	MHOM/BR/2016/1689	1689	NA	1689	1689	Americas	BR	Brazil	Maranhão	Aldeias Altas	MHOM	Homo sapiens	0	0	NA	Human
SRR13744604	LO6	0.99989	MHOM/BR/2016/1801	1801	NA	1801	1801	Americas	BR	Brazil	Maranhão	Codó	MHOM	Homo sapiens	2.51719460539589	3	NA	Human
SRR13744593	LO6	0.99989	MHOM/BR/2016/2008	2008	NA	2008	2008	Americas	BR	Brazil	Piauí	Queimada Nova	MHOM	Homo sapiens	4.15379700438281	4	NA	Human
SRR13744680	LO6	0.933315	MHOM/BR/2016/2145	2145	NA	2145	2145	Americas	BR	Brazil	Piauí	Floriano	MHOM	Homo sapiens	2.10902642833697	2	NA	Human
SRR13744679	LO6	0.99989	MHOM/BR/2016/2492	2492	NA	2492	2492	Americas	BR	Brazil	Maranhão	Codó	MHOM	Homo sapiens	2.12407554631198	2	NA	Human
SRR13744678	LO6	0.99989	MHOM/BR/2016/2525	2525	NA	2525	2525	Americas	BR	Brazil	Maranhão	Timon	MHOM	Homo sapiens	0	0	NA	Human
SRR13744677	LO6	0.99989	MHOM/BR/2016/2527	2527	NA	2527	2527	Americas	BR	Brazil	Piauí	Elesbão Veloso	MHOM	Homo sapiens	9.85e-4	0	NA	Human
SRR13744676	LO6	0.99989	MHOM/BR/2016/2765	2765	NA	2765	2765	Americas	BR	Brazil	Piauí	Teresina	MHOM	Homo sapiens	3.96286947792466	4	NA	Human
SRR13744675	LO6	0.99989	MHOM/BR/2016/2914	2914	NA	2914	2914	Americas	BR	Brazil	Maranhão	Codó	MHOM	Homo sapiens	2.00371329531056	2	NA	Human
SRR13744674	LO6	0.99989	MHOM/BR/2016/2959	2959	NA	2959	2959	Americas	BR	Brazil	Piauí	Colônia do Gurguéia	MHOM	Homo sapiens	4.08683068750622	4	NA	Human
SRR13744673	LO6	0.99989	MHOM/BR/2016/3097	3097	NA	3097	3097	Americas	BR	Brazil	Maranhão	Codó	MHOM	Homo sapiens	0.0595868844606802	0	NA	Human
SRR13744672	LO6	0.99989	MHOM/BR/2016/3113	3113	NA	3113	3113	Americas	BR	Brazil	Maranhão	Codó	MHOM	Homo sapiens	2.41996268843212	2	NA	Human
SRR13744671	LO6	0.99989	MHOM/BR/2016/3130	3130	NA	3130	3130	Americas	BR	Brazil	Piauí	Teresina	MHOM	Homo sapiens	4.19370180712115	4	NA	Human
SRR13744669	LO6	0.970345	MHOM/BR/2016/3144	3144	NA	3144	3144	Americas	BR	Brazil	Piauí	Teresina	MHOM	Homo sapiens	4.19545644539253	4	NA	Human
SRR13744668	LO6	0.99989	MCAN/BR/2009/36-MO	36-MO	IOCL 3148	3148	36-MO	Americas	BR	Brazil	Maranhão	NA	MCAN	NA	4.08503611903096	4	NA	NA
SRR13744667	LO6	0.99989	MHOM/BR/2016/3149	3149	NA	3149	3149	Americas	BR	Brazil	Maranhão	Timon	MHOM	Homo sapiens	4.26832870875802	4	NA	Human
SRR13744666	LO6	0.99989	MHOM/BR/2016/3151	3151	NA	3151	3151	Americas	BR	Brazil	Piauí	Teresina	MHOM	Homo sapiens	2.06116291984121	2	NA	Human
SRR13744665	LO6	0.999886	MHOM/BR/2016/3153	3153	NA	3153	3153	Americas	BR	Brazil	Piauí	Aroazes	MHOM	Homo sapiens	4.20821251036671	4	NA	Human
SRR13744663	LO6	0.99989	MHOM/BR/2016/3169	3169	NA	3169	3169	Americas	BR	Brazil	Piauí	Bomfim do Piauí	MHOM	Homo sapiens	0	0	NA	Human
SRR13744662	LO6	0.99989	MHOM/BR/2016/3170	3170	NA	3170	3170	Americas	BR	Brazil	Maranhão	Capinzal do Norte	MHOM	Homo sapiens	2.91711183052912	3	NA	Human
SRR13744661	LO6	0.99989	MHOM/BR/2016/3171	3171	NA	3171	3171	Americas	BR	Brazil	Piauí	Teresina	MHOM	Homo sapiens	4.24778164129886	4	NA	Human
SRR13744660	LO6	0.99989	MHOM/BR/2016/3172	3172	NA	3172	3172	Americas	BR	Brazil	Piauí	Teresina	MHOM	Homo sapiens	4.18697393007396	4	NA	Human
SRR13744657	LO6	0.99989	MHOM/BR/2016/3181	3181	NA	3181	3181	Americas	BR	Brazil	Maranhão	São João dos Patos	MHOM	Homo sapiens	0	0	NA	Human
SRR13744656	LO6	0.99989	MHOM/BR/2016/3182	3182	NA	3182	3182	Americas	BR	Brazil	Maranhão	Bernardo do Mearim	MHOM	Homo sapiens	0	0	NA	Human
SRR13744654	LO6	0.99988	MHOM/BR/2016/3187	3187	NA	3187	3187	Americas	BR	Brazil	Piauí	Batalha	MHOM	Homo sapiens	4.11766820462674	4	NA	Human
SRR13744653	LO6	0.999888	MCAN/BR/2010/DIANA-I	DIANA-I	IOCL 3191	3191	DIANA-I	Americas	BR	Brazil	Piauí	NA	MCAN	NA	4.1888059912961	4	NA	NA
SRR13744652	LO6	0.99989	MHOM/BR/2016/3200	3200	NA	3200	3200	Americas	BR	Brazil	Piauí	Teresina	MHOM	Homo sapiens	3.16437424912705	3	NA	Human
SRR13744651	LO6	0.964542	MHOM/BR/2016/3206	3206	NA	3206	3206	Americas	BR	Brazil	Piauí	Teresina	MHOM	Homo sapiens	6.44e-4	0	NA	Human
SRR13744650	LO6	0.99989	MHOM/BR/2016/3209	3209	NA	3209	3209	Americas	BR	Brazil	Piauí	Bom Jesus	MHOM	Homo sapiens	3.89282590068108	4	NA	Human
SRR13744649	LO6	0.99989	MHOM/BR/2016/3216	3216	NA	3216	3216	Americas	BR	Brazil	Maranhão	Caxias	MHOM	Homo sapiens	4.08176532628627	4	NA	Human
SRR13744647	LO6	0.99989	MHOM/BR/2016/3223	3223	NA	3223	3223	Americas	BR	Brazil	Piauí	Monsenhor Gil	MHOM	Homo sapiens	0	0	NA	Human
SRR13744646	LO6	0.99989	MHOM/BR/2016/3248	3248	NA	3248	3248	Americas	BR	Brazil	Maranhão	Colinas	MHOM	Homo sapiens	0	0	NA	Human
SRR13744645	LO6	0.99989	MHOM/BR/2016/3388	3388	NA	3388	3388	Americas	BR	Brazil	Maranhão	Fortuna	MHOM	Homo sapiens	4.27344760844579	4	NA	Human
SRR13744643	LO6	0.99989	MHOM/BR/2016/3967	3967	NA	3967	3967	Americas	BR	Brazil	Piauí	Picos	MHOM	Homo sapiens	0	0	NA	Human
SRR13744642	LO6	0.99989	MHOM/BR/2016/5570	5570	NA	5570	5570	Americas	BR	Brazil	Maranhão	Buriti	MHOM	Homo sapiens	0	0	NA	Human
SRR13744641	LO6	0.956556	MHOM/BR/2016/5745	5745	NA	5745	5745	Americas	BR	Brazil	Piauí	Teresina	MHOM	Homo sapiens	4.15768089833842	4	NA	Human
SRR13744682	LO2	0.99989	MCAN/BR/NA/1006DP	1006DP	NA	1006DP	1006DP	Americas	BR	Brazil	Piauí	NA	MCAN	Dog	0.0786922967821547	0	NA	Dog
SRR13744638	LO7	0.999889	MHOM/BR/2017/7128P	7128P	NA	7128P	7128P	Americas	BR	Brazil	Piauí	Monsenhor Gil	MHOM	Homo sapiens	3.83081860219256	4	NA	Human
SRR13744636	LO7	0.99989	MHOM/BR/2017/7131P	7131P	NA	7131P	7131P	Americas	BR	Brazil	Piauí	Teresina	MHOM	Homo sapiens	2.8961744139507	3	NA	Human
SRR13744635	LO7	0.99989	MHOM/BR/2017/7135P	7135P	NA	7135P	7135P	Americas	BR	Brazil	Maranhão	Timon	MHOM	Homo sapiens	3.72630220496297	4	NA	Human
SRR13744634	LO7	0.99989	MHOM/BR/2017/7136P	7136P	NA	7136P	7136P	Americas	BR	Brazil	Piauí	Curimata	MHOM	Homo sapiens	0.969362767179969	1	NA	Human
SRR13744633	LO7	0.99989	MHOM/BR/2017/7140P	7140P	NA	7140P	7140P	Americas	BR	Brazil	Piauí	Regeneração	MHOM	Homo sapiens	3.96025465166656	4	NA	Human
SRR13744630	LO7	0.99989	MHOM/BR/2017/7148P	7148P	NA	7148P	7148P	Americas	BR	Brazil	Piauí	São Pedro do Piauí	MHOM	Homo sapiens	4.01336536771776	4	NA	Human
SRR13744629	LO7	0.99989	MHOM/BR/2017/7149P	7149P	NA	7149P	7149P	Americas	BR	Brazil	Maranhão	Timon	MHOM	Homo sapiens	3.91425192327408	4	NA	Human
SRR13744628	LO2	0.99989	MHOM/BR/2017/7159P	7159P	NA	7159P	7159P	Americas	BR	Brazil	Piauí	Cocal	MHOM	Homo sapiens	0.00355357931280807	0	NA	Human
SRR13744625	LO2	0.99989	MHOM/BR/2017/7161P	7161P	NA	7161P	7161P	Americas	BR	Brazil	Piauí	Alto Longá	MHOM	Homo sapiens	0.00643919540036567	0	NA	Human
SRR13744621	LO7	0.942402	MHOM/BR/2017/7170P	7170P	NA	7170P	7170P	Americas	BR	Brazil	Piauí	Bom Jesus	MHOM	Homo sapiens	0.0187440854999196	0	NA	Human
SRR13744619	LO7	0.99989	MHOM/BR/2017/7172P	7172P	NA	7172P	7172P	Americas	BR	Brazil	Maranhão	Coelho Neto	MHOM	Homo sapiens	0.00987831576679935	0	NA	Human
SRR13744618	LO2	0.99989	MHOM/BR/2017/7176P	7176P	NA	7176P	7176P	Americas	BR	Brazil	Piauí	Piripiri	MHOM	Homo sapiens	0.00322058959980008	0	NA	Human
SRR13744617	LO7	0.99989	MHOM/BR/2017/7191P	7191P	NA	7191P	7191P	Americas	BR	Brazil	Piauí	Miguel Leão	MHOM	Homo sapiens	3.67257199383144	4	NA	Human
SRR13744612	LO7	0.99989	MHOM/BR/2018/7205P	7205P	NA	7205P	7205P	Americas	BR	Brazil	Maranhão	São João do Soter	MHOM	Homo sapiens	3.72612179634141	4	NA	Human
SRR13744610	LO7	0.999887	MHOM/BR/2018/7223P	7223P	NA	7223P	7223P	Americas	BR	Brazil	Piauí	Amarante	MHOM	Homo sapiens	3.65100929271252	4	NA	Human
SRR13744608	LO7	0.99989	MHOM/BR/2018/7234P	7234P	NA	7234P	7234P	Americas	BR	Brazil	Piauí	Floriano	MHOM	Homo sapiens	3.87149029165025	4	NA	Human
SRR13744607	LO7	0.99989	MHOM/BR/2018/7235P	7235P	NA	7235P	7235P	Americas	BR	Brazil	Piauí	Buriti dos Lopes	MHOM	Homo sapiens	3.82458606112846	4	NA	Human
SRR13744606	LO7	0.99989	MHOM/BR/2018/7242P	7242P	NA	7242P	7242P	Americas	BR	Brazil	Piauí	Jurema	MHOM	Homo sapiens	3.60969878262216	4	NA	Human
SRR13744605	LO7	0.999887	MHOM/BR/2018/7244P	7244P	NA	7244P	7244P	Americas	BR	Brazil	Pará	Marabá	MHOM	Homo sapiens	3.89305521057548	4	NA	Human
SRR13744603	LO7	0.99989	MHOM/BR/2018/7272P	7272P	NA	7272P	7272P	Americas	BR	Brazil	Maranhão	Timon	MHOM	Homo sapiens	0.0189431217816533	0	NA	Human
SRR13744599	LO7	0.99989	MCAN/BR/NA/925DP	925DP	NA	925DP	925DP	Americas	BR	Brazil	Piauí	NA	MCAN	Dog	4.22254916482726	4	NA	Dog
SRR13744597	LO7	0.926365	MCAN/BR/NA/934DP	934DP	NA	934DP	934DP	Americas	BR	Brazil	Piauí	NA	MCAN	Dog	3.14057134818329	3	NA	Dog
SRR13744594	LO2	0.99989	MCAN/BR/NA/970DP	970DP	NA	970DP	970DP	Americas	BR	Brazil	Piauí	NA	MCAN	Dog	0.0329949445286591	0	NA	Dog
SRR13744592	LO7	0.914761	MCAN/BR/NA/981DP	981DP	NA	981DP	981DP	Americas	BR	Brazil	Piauí	NA	MCAN	Dog	3.67485630133009	4	NA	Dog
SRR16972343	LO7	0.99989	MHOM/BR/2017/6954P	6954P	NA	6954P	6954P	Americas	BR	Brazil	Piauí	Teresina	MHOM	Homo sapiens	3.80533896069866	4	NA	Human
SRR16972339	LO7	0.903171	MHOM/BR/2017/7005P	7005P	NA	7005P	7005P	Americas	BR	Brazil	Piauí	Teresina	MHOM	Homo sapiens	3.8181644904801	4	NA	Human
SRR16972338	LO7	0.99989	MHOM/BR/2017/7010P	7010P	NA	7010P	7010P	Americas	BR	Brazil	Maranhão	Codó	MHOM	Homo sapiens	3.80117175795769	4	NA	Human
SRR16972337	LO7	0.99989	MHOM/BR/2017/7019P	7019P	NA	7019P	7019P	Americas	BR	Brazil	Piauí	Teresina	MHOM	Homo sapiens	3.69020013944356	4	NA	Human
SRR16972311	LO7	0.953724	MHOM/BR/2018/M01	M01	NA	M01	M01	Americas	BR	Brazil	Maranhão	NA	MHOM	NA	0	0	NA	NA
SRR16972314	LO7	0.99989	MHOM/BR/2018/M04	M04	NA	M04	M04	Americas	BR	Brazil	Maranhão	NA	MHOM	NA	3.72989453946811	4	NA	NA
SRR16972321	LO7	0.970733	MHOM/BR/2019/M11	M11	NA	M11	M11	Americas	BR	Brazil	Maranhão	NA	MHOM	NA	3.53408339920269	4	NA	NA
SRR16972322	LO7	0.968349	MHOM/BR/2019/M13	M13	NA	M13	M13	Americas	BR	Brazil	Maranhão	NA	MHOM	NA	3.29142858090373	3	NA	NA
SRR8608748	LO5	0.99989	MHOM/HN/2017/M32502/Amapala	M32502	NA	SRR8608748	6445_Honduras	Americas	HN	Honduras	NA	NA	MHOM	NA	4.06365606740446	4	DUPLICATE	NA
ERR205787	LO5	0.999878	MHOM/PA/78/WR285	WR285	NA	ERR205787	WR285	Americas	PA	Panama	NA	NA	MHOM	NA	3.70596046579571	4	DUPLICATE	NA
ERR205750	LO3	0.99989	MCAN/UZ/2007/LRC-L1313	LRC-L1313	NA	ERR205750	LRC-L1313	Central.East.Asia	UZ	Uzbekistan	NA	NA	MCAN	NA	3.66822063496555	4	DUPLICATE	NA
ERR205751	LO3	0.99989	MCAN/UZ/2007/LRC-L1311	LRC-L1311	NA	ERR205751	LRC-L1311	Central.East.Asia	UZ	Uzbekistan	NA	NA	MCAN	NA	3.59822704107409	4	DUPLICATE	NA
ERR205735	LO5	0.99989	MHOM/FR/62/LRC-L47	LRC-L47	NA	ERR205735	LRC-L47	Europe	FR	France	NA	NA	MHOM	NA	3.6677893608559	4	DUPLICATE	NA
ERR205737	LO4	0.985388	MHOM/FR/95/LPN114	LPN114	NA	ERR205737	LPN114	Europe	FR	France	NA	NA	MHOM	NA	3.67078339511918	4	DUPLICATE	NA
ERR205760	LO4	0.99989	MCAN/FR/87/RM1	RM1	NA	ERR205760	RM1	Europe	FR	France	NA	NA	MCAN	NA	3.40753261385419	3	DUPLICATE	NA
ERR205793	LO4	0.99989	MHOM/FR/90/LPN66	LPN66	NA	ERR205793	LEM1985	Europe	FR	France	NA	NA	MHOM	NA	4.18816969277615	4	DUPLICATE	NA
ERR205795	LO4	0.999888	MHOM/FR/96/LPM161	LPM161	NA	ERR205795	LEM3278	Europe	FR	France	NA	NA	MHOM	NA	3.76119160726749	4	DUPLICATE	NA
ERR3550144	LO5	0.99989	MHOM/FR/1996/LEM3249	LEM3249	NA	ERR3550144	Inf045	Europe	FR	France	NA	NA	MHOM	NA	3.4761672799372	3	DUPLICATE	NA
ERR271200	LO4	0.958535	MCAN/PT/2005/IMT373cl1	IMT373cl1	NA	ERR271200	IMT373cl1	Europe	PT	Portugal	NA	NA	MCAN	NA	1.64038930564913	2	DUPLICATE	NA
ERR3550118	LO5	0.999888	MHOM/ES/1987/Lombardi	Lombardi	NA	ERR3550118	Inf004	Europe	ES	Spain	NA	NA	MHOM	NA	3.68828646586534	4	DUPLICATE	NA
ERR3550132	LO5	0.99989	MHOM/ES/1992/LLM373	LLM373	NA	ERR3550132	Inf055	Europe	ES	Spain	NA	NA	MHOM	NA	3.31459471937862	3	DUPLICATE	NA
ERR304753	LO3	0.999889	MCAN/IL/XX/LRC-L1312	LRC-L1312	NA	ERR304753	LRC-L1312	Middle.East	IL	Israel	NA	NA	MCAN	NA	3.44564073978915	3	DUPLICATE	NA
ERR3550152	LO8	0.99989	MHOM/IL/1989/LRC-L571	LRC-L571	NA	ERR3550152	Inf007	Middle.East	IL	Israel	NA	NA	MHOM	NA	4.39651822827175	4	DUPLICATE	NA
ERR3550142	LO8	0.999889	MHOM/TN/1980/IPT1	IPT1	NA	ERR3550142	Inf001	North.Africa	TN	Tunisia	NA	NA	MHOM	NA	3.05669136618174	3	DUPLICATE	NA
SRR6369631	LO4	0.99989	MHOM/TN/2010/ZK27p2	ZK27p2	NA	SRR6369631	Linf_ZK27	North.Africa	TN	Tunisia	NA	NA	MHOM	NA	4.91254968145787	4	DUPLICATE	NA
SRR11098642	LO8	0.986759	MHOM/TN/2011/ZK47	ZK47	NA	SRR11098642	ZK47	North.Africa	TN	Tunisia	NA	NA	MHOM	NA	4.07019948857174	4	DUPLICATE	NA
SRR11098643	LO8	0.99989	MHOM/TN/2011/ZK43	ZK43	NA	SRR11098643	ZK43	North.Africa	TN	Tunisia	NA	NA	MHOM	NA	4.03599131932211	4	DUPLICATE	NA
SRR11098644	LO8	0.999886	MHOM/TN/2007/LIPA60	LIPA60	NA	SRR11098644	LIPA60	North.Africa	TN	Tunisia	NA	NA	MHOM	NA	3.93371743789816	4	DUPLICATE	NA
ERR3550127	LO12	0.99989	MHOM/ET/2000/HUSSEN	HUSSEN	NA	ERR3550127	Don038	East.Africa	ET	Ethiopia	NA	NA	MHOM	NA	3.76742320218406	4	DUPLICATE	NA
ERR205758	LO12	0.99989	MHOM/SD/97/LEM3472	LEM3472	NA	ERR205758	LEM3472	East.Africa	SD	Sudan	NA	NA	MHOM	NA	3.96948822159841	4	DUPLICATE	NA
