sample	population	population_proportion	coverage_rounded	msl_status
SRR12506683	V1	0.668241	0	MSL-
SRR12506694	V1	0.954141	0	MSL-
SRR12506702	V1	0.503151	0	MSL-
SRR12506705	V1	0.99988	0	MSL-
SRR12506716	V1	0.990913	0	MSL-
SRR13744594	V1	0.724101	0	MSL-
SRR13744627	V1	0.543705	3	MSL+
SRR16972312	V1	0.524508	1	MSL+
SRR20748317	V1	0.908552	0	MSL-
SRR20748321	V1	0.99988	0	MSL-
SRR20748322	V1	0.949754	0	MSL-
SRR20748324	V1	0.999871	0	MSL-
SRR20748339	V1	0.772006	0	MSL-
SRR20748353	V1	0.99988	0	MSL-
SRR20748354	V1	0.99988	0	MSL-
SRR20748357	V1	0.99988	0	MSL-
SRR20748358	V1	0.954753	0	MSL-
SRR20748359	V1	0.76634	0	MSL-
SRR20748363	V1	0.99988	0	MSL-
SRR20748365	V1	0.99988	0	MSL-
SRR20748366	V1	0.945727	0	MSL-
SRR20748369	V1	0.999873	0	MSL-
SRR20748370	V1	0.99988	0	MSL-
SRR20748372	V1	0.99988	0	MSL-
SRR20748377	V1	0.527258	0	MSL-
SRR20748383	V1	0.99988	0	MSL-
SRR20748419	V1	0.99988	0	MSL-
SRR20748420	V1	0.99988	0	MSL-
SRR20748425	V1	0.99988	0	MSL-
SRR20748428	V1	0.99988	0	MSL-
SRR20748434	V1	0.99988	0	MSL-
SRR20748437	V1	0.99988	0	MSL-
SRR20748439	V1	0.99988	0	MSL-
SRR20748440	V1	0.99988	0	MSL-
SRR20748441	V1	0.99988	0	MSL-
SRR20748442	V1	0.99988	0	MSL-
SRR20748443	V1	0.99988	0	MSL-
SRR20748446	V1	0.536858	3	MSL+
SRR20748457	V1	0.537189	4	MSL+
SRR20748460	V1	0.99988	0	MSL-
SRR20748471	V1	0.893463	0	MSL-
SRR20748484	V1	0.925863	0	MSL-
SRR7970024	V1	0.99988	0	MSL-
SRR7970026	V1	0.99988	0	MSL-
SRR10478767	V2	0.99988	2	MSL+
SRR10478769	V2	0.749224	0	MSL-
SRR10478771	V2	0.99988	4	MSL+
SRR10478772	V2	0.99988	3	MSL+
SRR10478773	V2	0.942817	0	MSL-
SRR10478774	V2	0.99988	0	MSL-
SRR10478775	V2	0.97394	0	MSL-
SRR10478776	V2	0.897128	1	MSL+
SRR10478777	V2	0.99988	4	MSL+
SRR10478778	V2	0.942531	3	MSL+
SRR10478779	V2	0.99988	0	MSL-
SRR10478780	V2	0.535737	0	MSL-
SRR10478781	V2	0.99988	4	MSL+
SRR10478782	V2	0.99988	2	MSL+
SRR10478783	V2	0.99988	4	MSL+
SRR10478784	V2	0.99988	4	MSL+
SRR10478786	V2	0.99988	4	MSL+
SRR10478787	V2	0.99988	0	MSL-
SRR10478788	V2	0.667457	2	MSL+
SRR10478789	V2	0.99988	2	MSL+
SRR10478790	V2	0.99988	0	MSL-
SRR10478792	V2	0.99988	2	MSL+
SRR10478793	V2	0.99988	4	MSL+
SRR10478795	V2	0.99988	0	MSL-
SRR10478796	V2	0.99988	0	MSL-
SRR12506691	V2	0.597406	2	MSL+
SRR13744593	V2	0.99988	4	MSL+
SRR13744604	V2	0.99988	3	MSL+
SRR13744613	V2	0.362662	0	MSL-
SRR13744615	V2	0.942817	0	MSL-
SRR13744626	V2	0.99988	0	MSL-
SRR13744637	V2	0.97394	0	MSL-
SRR13744641	V2	0.843992	4	MSL+
SRR13744642	V2	0.999874	0	MSL-
SRR13744643	V2	0.99988	0	MSL-
SRR13744644	V2	0.858132	0	MSL-
SRR13744645	V2	0.969906	4	MSL+
SRR13744646	V2	0.987138	0	MSL-
SRR13744647	V2	0.99988	0	MSL-
SRR13744648	V2	0.99988	0	MSL-
SRR13744649	V2	0.892794	4	MSL+
SRR13744650	V2	0.949755	4	MSL+
SRR13744651	V2	0.973362	0	MSL-
SRR13744652	V2	0.99988	3	MSL+
SRR13744653	V2	0.99988	4	MSL+
SRR13744654	V2	0.87356	4	MSL+
SRR13744655	V2	0.580781	0	MSL-
SRR13744656	V2	0.99988	0	MSL-
SRR13744657	V2	0.99988	0	MSL-
SRR13744658	V2	0.761967	0	MSL-
SRR13744660	V2	0.99988	4	MSL+
SRR13744661	V2	0.99988	4	MSL+
SRR13744662	V2	0.942527	3	MSL+
SRR13744663	V2	0.99988	0	MSL-
SRR13744664	V2	0.535737	0	MSL-
SRR13744665	V2	0.99988	4	MSL+
SRR13744666	V2	0.99988	2	MSL+
SRR13744667	V2	0.99988	4	MSL+
SRR13744668	V2	0.99988	4	MSL+
SRR13744669	V2	0.937754	4	MSL+
SRR13744671	V2	0.99988	4	MSL+
SRR13744672	V2	0.99988	2	MSL+
SRR13744673	V2	0.99988	0	MSL-
SRR13744674	V2	0.963449	4	MSL+
SRR13744675	V2	0.99988	2	MSL+
SRR13744676	V2	0.99988	4	MSL+
SRR13744677	V2	0.99988	0	MSL-
SRR13744678	V2	0.99988	0	MSL-
SRR13744679	V2	0.99988	2	MSL+
SRR16972320	V2	0.546355	3	MSL+
SRR7970033	V2	0.533881	4	MSL+
ERR3550142	V3	0.99988	3	MSL+
SRR11098642	V3	0.99988	4	MSL+
SRR11098643	V3	0.99988	4	MSL+
SRR11098644	V3	0.99988	4	MSL+
SRR11098645	V3	0.971294	4	MSL+
SRR11098646	V3	0.99988	4	MSL+
SRR20748331	V3	0.999874	4	MSL+
SRR20748334	V3	0.78015	3	MSL+
SRR20748336	V3	0.771724	4	MSL+
SRR20748337	V3	0.99988	4	MSL+
SRR20748452	V3	0.99988	4	MSL+
SRR20748465	V3	0.99988	4	MSL+
SRR20748474	V3	0.804345	3	MSL+
SRR20748475	V3	0.924899	4	MSL+
SRR20748479	V3	0.999873	4	MSL+
SRR20748480	V3	0.99988	4	MSL+
ERR205737	V4	0.99988	4	MSL+
ERR205738	V4	0.974424	4	MSL+
ERR205760	V4	0.99988	3	MSL+
ERR205763	V4	0.523719	0	MSL-
ERR205770	V4	0.779776	4	MSL+
ERR205771	V4	0.914129	4	MSL+
ERR205786	V4	0.90863	4	MSL+
ERR205788	V4	0.520026	0	MSL-
ERR205793	V4	0.99988	4	MSL+
ERR205795	V4	0.999875	4	MSL+
ERR205799	V4	0.999877	4	MSL+
ERR205800	V4	0.554816	0	MSL-
ERR230187	V4	0.88507	4	MSL+
ERR230188	V4	0.909839	4	MSL+
ERR230194	V4	0.858706	4	MSL+
ERR271200	V4	0.99988	2	MSL+
ERR524883	V4	0.655693	4	MSL+
SRR12506675	V4	0.63275	4	MSL+
SRR12506676	V4	0.680599	4	MSL+
SRR20748329	V4	0.532985	4	MSL+
SRR20748338	V4	0.522635	4	MSL+
SRR20748478	V4	0.512507	4	MSL+
SRR6369628	V4	0.894057	4	MSL+
SRR6369631	V4	0.999872	4	MSL+
SRR6369636	V4	0.632734	4	MSL+
ERR205776	V5	0.689162	4	MSL+
SRR12506679	V5	0.99988	4	MSL+
SRR12506680	V5	0.99988	4	MSL+
SRR12506681	V5	0.99988	4	MSL+
SRR12506682	V5	0.70732	4	MSL+
SRR12506684	V5	0.99988	4	MSL+
SRR12506685	V5	0.999879	3	MSL+
SRR12506686	V5	0.99988	4	MSL+
SRR12506687	V5	0.657237	3	MSL+
SRR12506688	V5	0.999877	4	MSL+
SRR12506689	V5	0.99988	3	MSL+
SRR20748298	V5	0.99988	4	MSL+
SRR20748325	V5	0.587475	4	MSL+
SRR20748335	V5	0.99988	4	MSL+
SRR20748348	V5	0.806961	4	MSL+
SRR20748375	V5	0.589189	4	MSL+
SRR20748385	V5	0.813481	4	MSL+
SRR20748389	V5	0.99988	4	MSL+
SRR20748400	V5	0.999876	4	MSL+
SRR20748482	V5	0.99988	4	MSL+
ERR3550120	V6	0.539082	0	MSL-
SRR10478768	V6	0.578569	0	MSL-
SRR12506697	V6	0.847144	0	MSL-
SRR12506700	V6	0.567858	0	MSL-
SRR12506728	V6	0.966133	0	MSL-
SRR13744603	V6	0.99988	0	MSL-
SRR13744619	V6	0.99988	0	MSL-
SRR13744620	V6	0.902367	0	MSL-
SRR13744621	V6	0.846439	0	MSL-
SRR13744624	V6	0.999876	0	MSL-
SRR16972313	V6	0.99988	0	MSL-
SRR16972317	V6	0.792922	0	MSL-
SRR16972324	V6	0.686792	0	MSL-
SRR16972341	V6	0.854233	0	MSL-
SRR20748306	V6	0.938679	0	MSL-
SRR20748307	V6	0.96962	0	MSL-
SRR20748312	V6	0.874572	0	MSL-
SRR20748316	V6	0.99988	0	MSL-
SRR20748318	V6	0.947339	0	MSL-
SRR20748320	V6	0.99988	0	MSL-
SRR20748343	V6	0.99988	0	MSL-
SRR20748349	V6	0.99988	0	MSL-
SRR20748355	V6	0.99988	0	MSL-
SRR20748361	V6	0.427501	0	MSL-
SRR20748364	V6	0.999875	0	MSL-
SRR20748367	V6	0.99988	0	MSL-
SRR20748371	V6	0.754208	0	MSL-
SRR20748374	V6	0.99988	0	MSL-
SRR20748378	V6	0.832884	0	MSL-
SRR20748382	V6	0.64989	0	MSL-
SRR20748384	V6	0.786793	0	MSL-
SRR20748394	V6	0.613373	3	MSL+
SRR20748402	V6	0.99988	0	MSL-
SRR20748417	V6	0.99988	0	MSL-
SRR20748418	V6	0.682425	2	MSL+
SRR20748421	V6	0.99988	0	MSL-
SRR20748422	V6	0.999876	0	MSL-
SRR20748423	V6	0.99988	0	MSL-
SRR20748424	V6	0.99988	0	MSL-
SRR20748427	V6	0.741042	0	MSL-
SRR20748429	V6	0.99988	0	MSL-
SRR20748430	V6	0.99988	0	MSL-
SRR20748431	V6	0.99988	0	MSL-
SRR20748432	V6	0.99988	0	MSL-
SRR20748433	V6	0.99988	0	MSL-
SRR20748435	V6	0.979939	0	MSL-
SRR20748436	V6	0.99988	0	MSL-
SRR20748438	V6	0.85196	0	MSL-
SRR20748444	V6	0.823442	0	MSL-
SRR20748459	V6	0.99988	0	MSL-
SRR20748467	V6	0.474877	4	MSL+
SRR7970017	V6	0.881597	0	MSL-
SRR7970018	V6	0.71892	0	MSL-
SRR7970020	V6	0.896212	0	MSL-
SRR7970021	V6	0.980355	0	MSL-
SRR7970022	V6	0.609731	4	MSL+
SRR7970025	V6	0.537515	0	MSL-
SRR7970027	V6	0.581556	0	MSL-
SRR7970029	V6	0.97997	0	MSL-
ERR205735	V7	0.999874	4	MSL+
ERR205787	V7	0.99988	4	MSL+
ERR3550118	V7	0.99988	4	MSL+
ERR3550132	V7	0.99988	3	MSL+
ERR3550134	V7	0.549078	3	MSL+
ERR3550144	V7	0.99988	3	MSL+
SRR20748468	V7	0.99988	4	MSL+
SRR20748477	V7	0.99988	4	MSL+
SRR8608748	V7	0.999879	4	MSL+
ERR205739	V8	0.99988	4	MSL+
ERR205759	V8	0.459659	4	MSL+
ERR205768	V8	0.431787	4	MSL+
ERR205785	V8	0.999879	3	MSL+
ERR205797	V8	0.99988	3	MSL+
ERR230189	V8	0.99988	4	MSL+
ERR230190	V8	0.99988	4	MSL+
ERR230193	V8	0.99988	4	MSL+
ERR304752	V8	0.99988	4	MSL+
ERR3550152	V8	0.99988	4	MSL+
SRR20748481	V8	0.734411	3	MSL+
ERR013294	V9	0.77455	4	MSL+
SRR12506670	V9	0.99988	0	MSL-
SRR12506674	V9	0.828009	4	MSL+
SRR12506678	V9	0.99988	4	MSL+
SRR12506692	V9	0.99988	2	MSL+
SRR12506693	V9	0.99988	2	MSL+
SRR12506695	V9	0.99988	1	MSL+
SRR12506696	V9	0.99988	2	MSL+
SRR12506715	V9	0.461149	0	MSL-
SRR12506718	V9	0.99988	0	MSL-
SRR12506719	V9	0.996297	0	MSL-
SRR12506720	V9	0.99988	0	MSL-
SRR12506721	V9	0.974593	0	MSL-
SRR12506722	V9	0.926058	0	MSL-
SRR12506723	V9	0.964146	0	MSL-
SRR12506724	V9	0.99988	0	MSL-
SRR12506726	V9	0.99988	0	MSL-
SRR20748297	V9	0.658021	4	MSL+
SRR20748304	V9	0.628732	2	MSL+
SRR20748461	V9	0.499735	0	MSL-
SRR20748462	V9	0.454683	0	MSL-
SRR8842312	V9	0.673985	0	MSL-
SRR10478770	V10	0.469731	2	MSL+
SRR12506701	V10	0.99987	0	MSL-
SRR12506703	V10	0.99988	0	MSL-
SRR12506706	V10	0.99988	0	MSL-
SRR12506707	V10	0.99988	0	MSL-
SRR12506708	V10	0.99988	0	MSL-
SRR12506709	V10	0.99988	0	MSL-
SRR12506710	V10	0.99988	0	MSL-
SRR12506711	V10	0.99988	0	MSL-
SRR13744602	V10	0.682973	0	MSL-
SRR13744609	V10	0.743654	2	MSL+
SRR13744618	V10	0.929712	0	MSL-
SRR13744623	V10	0.874251	2	MSL+
SRR13744625	V10	0.99988	0	MSL-
SRR13744628	V10	0.933947	0	MSL-
SRR13744631	V10	0.893164	0	MSL-
SRR13744680	V10	0.469731	2	MSL+
SRR13744682	V10	0.910205	0	MSL-
SRR20748293	V10	0.99988	0	MSL-
SRR20748294	V10	0.99988	0	MSL-
SRR20748295	V10	0.99988	0	MSL-
SRR20748296	V10	0.99988	0	MSL-
SRR20748302	V10	0.99988	0	MSL-
SRR20748303	V10	0.99988	0	MSL-
SRR20748305	V10	0.99988	0	MSL-
SRR20748311	V10	0.470105	0	MSL-
SRR20748313	V10	0.99988	0	MSL-
SRR20748315	V10	0.99988	0	MSL-
SRR20748323	V10	0.989483	0	MSL-
SRR20748346	V10	0.99988	0	MSL-
SRR20748360	V10	0.573281	0	MSL-
SRR20748368	V10	0.622343	0	MSL-
SRR20748373	V10	0.584923	0	MSL-
SRR20748380	V10	0.962031	0	MSL-
SRR20748381	V10	0.596916	0	MSL-
SRR20748396	V10	0.965037	0	MSL-
SRR20748397	V10	0.452211	1	MSL+
SRR20748403	V10	0.99988	0	MSL-
SRR20748405	V10	0.573357	2	MSL+
SRR20748407	V10	0.999874	0	MSL-
SRR20748408	V10	0.99988	0	MSL-
SRR20748409	V10	0.620355	0	MSL-
SRR20748410	V10	0.99988	0	MSL-
SRR20748413	V10	0.99988	0	MSL-
SRR20748414	V10	0.99988	0	MSL-
SRR20748415	V10	0.999875	0	MSL-
SRR20748416	V10	0.99988	0	MSL-
SRR7970028	V10	0.934185	0	MSL-
SRR7970030	V10	0.971873	0	MSL-
SRR7970038	V10	0.611359	0	MSL-
ERR984216	V11	0.841754	0	MSL-
ERR984219	V11	0.819053	0	MSL-
ERR984220	V11	0.806797	0	MSL-
SRR12506671	V11	0.964987	0	MSL-
SRR12506672	V11	0.995073	0	MSL-
SRR12506673	V11	0.999876	0	MSL-
SRR12506698	V11	0.99988	0	MSL-
SRR12506699	V11	0.990328	0	MSL-
SRR12506712	V11	0.703401	0	MSL-
SRR12506713	V11	0.672061	0	MSL-
SRR12506714	V11	0.58708	0	MSL-
SRR12506725	V11	0.562139	0	MSL-
SRR12506727	V11	0.894527	0	MSL-
SRR13744601	V11	0.513961	4	MSL+
SRR13744614	V11	0.511012	3	MSL+
SRR20748299	V11	0.99988	0	MSL-
SRR20748300	V11	0.99988	0	MSL-
SRR20748301	V11	0.764224	0	MSL-
SRR20748309	V11	0.515253	0	MSL-
SRR20748310	V11	0.99988	0	MSL-
SRR20748314	V11	0.594859	0	MSL-
SRR20748319	V11	0.920988	0	MSL-
SRR20748340	V11	0.99988	0	MSL-
SRR20748341	V11	0.99988	0	MSL-
SRR20748342	V11	0.99988	0	MSL-
SRR20748344	V11	0.99988	0	MSL-
SRR20748345	V11	0.99988	0	MSL-
SRR20748347	V11	0.99988	0	MSL-
SRR20748350	V11	0.99988	0	MSL-
SRR20748351	V11	0.99988	0	MSL-
SRR20748352	V11	0.99988	0	MSL-
SRR20748356	V11	0.632193	0	MSL-
SRR20748376	V11	0.87407	2	MSL+
SRR20748386	V11	0.99988	0	MSL-
SRR20748387	V11	0.99988	0	MSL-
SRR20748388	V11	0.99988	0	MSL-
SRR20748390	V11	0.99988	0	MSL-
SRR20748391	V11	0.99988	0	MSL-
SRR20748392	V11	0.99988	0	MSL-
SRR20748393	V11	0.99988	0	MSL-
SRR20748404	V11	0.666896	0	MSL-
SRR20748406	V11	0.99988	0	MSL-
SRR20748411	V11	0.877245	0	MSL-
SRR20748412	V11	0.931784	0	MSL-
SRR20748426	V11	0.873938	0	MSL-
SRR20748445	V11	0.99988	0	MSL-
SRR20748447	V11	0.984408	0	MSL-
SRR20748448	V11	0.905701	0	MSL-
SRR20748449	V11	0.768352	0	MSL-
SRR20748450	V11	0.99988	0	MSL-
SRR20748451	V11	0.99988	0	MSL-
SRR20748483	V11	0.607092	0	MSL-
SRR6369656	V11	0.670966	0	MSL-
SRR7970023	V11	0.699876	0	MSL-
SRR12506677	V12	0.99988	4	MSL+
SRR12506690	V12	0.693248	2	MSL+
SRR13744590	V12	0.856365	4	MSL+
SRR13744591	V12	0.951625	4	MSL+
SRR13744592	V12	0.933545	4	MSL+
SRR13744595	V12	0.846059	4	MSL+
SRR13744596	V12	0.997913	4	MSL+
SRR13744597	V12	0.962666	3	MSL+
SRR13744598	V12	0.908098	3	MSL+
SRR13744599	V12	0.99988	4	MSL+
SRR13744600	V12	0.985634	4	MSL+
SRR13744605	V12	0.99988	4	MSL+
SRR13744606	V12	0.999871	4	MSL+
SRR13744607	V12	0.99988	4	MSL+
SRR13744608	V12	0.99988	4	MSL+
SRR13744610	V12	0.99988	4	MSL+
SRR13744611	V12	0.593513	2	MSL+
SRR13744612	V12	0.99988	4	MSL+
SRR13744617	V12	0.99988	4	MSL+
SRR13744629	V12	0.999877	4	MSL+
SRR13744630	V12	0.99988	4	MSL+
SRR13744632	V12	0.999872	4	MSL+
SRR13744633	V12	0.993262	4	MSL+
SRR13744634	V12	0.99988	1	MSL+
SRR13744635	V12	0.99988	4	MSL+
SRR13744636	V12	0.99988	3	MSL+
SRR13744638	V12	0.99988	4	MSL+
SRR13744639	V12	0.834125	4	MSL+
SRR13744640	V12	0.717567	1	MSL+
SRR13744659	V12	0.417312	1	MSL+
SRR13744670	V12	0.519312	3	MSL+
SRR13744681	V12	0.99988	4	MSL+
SRR16972311	V12	0.771686	0	MSL-
SRR16972314	V12	0.99988	4	MSL+
SRR16972315	V12	0.886298	4	MSL+
SRR16972316	V12	0.952763	3	MSL+
SRR16972318	V12	0.871877	4	MSL+
SRR16972319	V12	0.960467	4	MSL+
SRR16972321	V12	0.99988	4	MSL+
SRR16972322	V12	0.99988	3	MSL+
SRR16972323	V12	0.819805	4	MSL+
SRR16972335	V12	0.720836	2	MSL+
SRR16972337	V12	0.97377	4	MSL+
SRR16972338	V12	0.99988	4	MSL+
SRR16972339	V12	0.960641	4	MSL+
SRR16972340	V12	0.791645	4	MSL+
SRR16972342	V12	0.633973	2	MSL+
SRR16972343	V12	0.99988	4	MSL+
SRR20748308	V12	0.99988	4	MSL+
SRR20748362	V12	0.940243	4	MSL+
SRR20748379	V12	0.99988	4	MSL+
SRR20748395	V12	0.99988	3	MSL+
SRR20748398	V12	0.97639	4	MSL+
SRR20748399	V12	0.99988	4	MSL+
SRR20748401	V12	0.99988	4	MSL+
SRR20748455	V12	0.960439	4	MSL+
SRR20748456	V12	0.578796	0	MSL-
SRR20748458	V12	0.641572	4	MSL+
SRR7970013	V12	0.996732	4	MSL+
SRR7970014	V12	0.47887	0	MSL-
SRR7970015	V12	0.99988	4	MSL+
SRR7970016	V12	0.967383	4	MSL+
SRR7970019	V12	0.670844	4	MSL+
SRR7970031	V12	0.99988	4	MSL+
SRR7970032	V12	0.605715	3	MSL+
SRR7970034	V12	0.953417	4	MSL+
SRR7970035	V12	0.605218	3	MSL+
SRR7970036	V12	0.909021	4	MSL+
SRR7970037	V12	0.834862	4	MSL+
ERR205736	V13	0.860506	3	MSL+
ERR205750	V13	0.99988	4	MSL+
ERR205751	V13	0.999871	4	MSL+
ERR304753	V13	0.99988	3	MSL+
SRR20748326	V13	0.599634	4	MSL+
SRR20748332	V13	0.615771	4	MSL+
SRR20748333	V13	0.632527	4	MSL+
SRR20748453	V13	0.99988	3	MSL+
SRR20748463	V13	0.999874	4	MSL+
SRR20748464	V13	0.703733	4	MSL+
SRR20748469	V13	0.99986	4	MSL+
SRR20748470	V13	0.99988	4	MSL+
SRR20748472	V13	0.99988	4	MSL+
